"log.Lot.Area","Lot.Config","Neighborhood","Bldg.Type","Overall.Qual","Overall.Cond","Year.Built","Central.Air","Electrical","Gr.Liv.Area","Full.Bath","Half.Bath","Bedroom.AbvGr","Kitchen.AbvGr","TotRms.AbvGrd","SalePrice"
10.3662777272636,"Corner","NAmes","1Fam",6,5,1960,"Y","SBrkr",1656,1,0,3,1,7,215000
9.36065513263505,"Inside","NAmes","1Fam",5,6,1961,"Y","SBrkr",896,1,0,2,1,5,105000
9.56570445711481,"Corner","NAmes","1Fam",6,6,1958,"Y","SBrkr",1329,1,1,3,1,6,172000
9.3200912359353,"Corner","NAmes","1Fam",7,5,1968,"Y","SBrkr",2110,2,1,3,1,8,244000
9.5345954246588,"Inside","Gilbert","1Fam",5,5,1997,"Y","SBrkr",1629,2,1,3,1,6,189900
9.20813794842098,"Inside","Gilbert","1Fam",6,6,1998,"Y","SBrkr",1604,2,1,3,1,7,195500
8.50106380948635,"Inside","StoneBr","TwnhsE",8,5,2001,"Y","SBrkr",1338,2,0,2,1,6,213500
8.51819269174932,"Inside","StoneBr","TwnhsE",8,5,1992,"Y","SBrkr",1280,2,0,2,1,5,191500
8.5921151179335,"Inside","StoneBr","TwnhsE",8,5,1995,"Y","SBrkr",1616,2,0,2,1,5,236500
8.9226582995244,"Inside","Gilbert","1Fam",7,5,1999,"Y","SBrkr",1804,2,1,3,1,7,189000
9.21034037197618,"Corner","Gilbert","1Fam",6,5,1993,"Y","SBrkr",1655,2,1,3,1,7,175900
8.98469369044386,"Inside","Gilbert","1Fam",6,7,1992,"Y","SBrkr",1187,2,0,3,1,6,185000
9.03622505172933,"Inside","Gilbert","1Fam",6,5,1998,"Y","SBrkr",1465,2,1,3,1,7,180400
9.2277872855799,"Inside","Gilbert","1Fam",7,5,1990,"Y","SBrkr",1341,1,1,2,1,5,171500
8.82761475083751,"Corner","StoneBr","TwnhsE",8,5,1985,"Y","SBrkr",1502,1,1,1,1,4,212000
10.8875116964444,"CulDSac","StoneBr","1Fam",8,5,2003,"Y","SBrkr",3279,3,1,4,1,12,538000
9.40376670850224,"Inside","Gilbert","1Fam",8,7,1988,"Y","SBrkr",1752,2,0,4,1,8,164000
9.34084218004034,"Corner","StoneBr","1Fam",9,2,2010,"Y","SBrkr",1856,1,1,1,1,8,394432
9.85943116633921,"Corner","Gilbert","1Fam",4,5,1951,"Y","SBrkr",864,1,0,2,1,4,141000
9.48607637340956,"Inside","NWAmes","1Fam",6,6,1978,"Y","SBrkr",2073,2,0,3,1,7,210000
9.37169362233394,"Inside","NWAmes","1Fam",6,6,1977,"Y","SBrkr",1844,2,0,3,1,7,190000
9.27096499379262,"Inside","NWAmes","1Fam",7,6,1974,"Y","SBrkr",1173,2,0,3,1,6,170000
8.9226582995244,"Inside","Somerst","1Fam",7,5,2000,"Y","SBrkr",1674,2,1,3,1,7,216000
9.3273230874618,"CulDSac","NAmes","1Fam",6,7,1970,"Y","SBrkr",1004,1,0,2,1,5,149000
9.43643955111603,"CulDSac","NAmes","1Fam",5,6,1971,"Y","SBrkr",1078,1,1,3,1,6,149900
9.04192172035122,"Inside","NAmes","1Fam",5,6,1968,"Y","SBrkr",1056,1,0,3,1,6,142000
9.03598698483141,"Corner","NAmes","1Fam",4,5,1970,"Y","SBrkr",882,1,0,2,1,4,126000
9.25913053614561,"FR2","NAmes","1Fam",4,5,1971,"Y","SBrkr",864,1,0,3,1,5,115000
8.67556352738768,"FR2","NAmes","TwnhsE",7,5,1999,"Y","SBrkr",1337,2,0,2,1,5,184000
7.4265490723973,"Inside","BrDale","Twnhs",6,5,1971,"Y","SBrkr",987,1,1,2,1,5,96000
7.4265490723973,"Inside","BrDale","Twnhs",5,5,1971,"Y","SBrkr",1092,1,1,3,1,6,105500
7.4265490723973,"Inside","BrDale","Twnhs",6,5,1971,"Y","SBrkr",1092,1,1,3,1,6,88000
8.30474226964077,"Inside","NPkVill","TwnhsE",6,5,1977,"Y","SBrkr",1069,2,0,2,1,4,127500
7.73193072194849,"FR2","NPkVill","Twnhs",6,6,1975,"Y","SBrkr",1456,2,1,3,1,6,149900
7.73193072194849,"FR2","NPkVill","Twnhs",7,6,1975,"Y","SBrkr",836,1,0,2,1,4,120000
7.73193072194849,"Inside","NPkVill","Twnhs",6,5,1978,"Y","SBrkr",1456,2,1,3,1,7,146000
9.46172146470163,"Inside","NridgHt","1Fam",9,5,2009,"Y","SBrkr",2334,2,1,3,1,10,376162
9.34818743866831,"Inside","NridgHt","1Fam",8,5,2007,"Y","SBrkr",1704,2,0,3,1,7,306000
9.22611529109155,"Inside","NridgHt","1Fam",9,5,2009,"Y","SBrkr",1940,2,1,3,1,8,395192
9.46366389179152,"Corner","NridgHt","1Fam",8,5,2009,"Y","SBrkr",1544,2,0,3,1,7,290941
9.40771473139643,"Corner","NridgHt","1Fam",7,5,2005,"Y","SBrkr",1541,2,0,3,1,7,220000
9.35183993424988,"Inside","NridgHt","1Fam",9,5,2005,"Y","SBrkr",1698,2,0,3,1,7,275000
9.55548914407629,"Inside","NridgHt","1Fam",8,5,2005,"Y","SBrkr",1822,2,0,3,1,8,259000
9.2272958126256,"Inside","NridgHt","1Fam",7,5,2004,"Y","SBrkr",1535,2,0,3,1,7,214000
9.4664543749603,"Inside","NridgHt","1Fam",9,5,2009,"Y","SBrkr",2364,2,1,2,1,11,611657
8.75951172211649,"Inside","NridgHt","TwnhsE",7,5,2009,"Y","SBrkr",1358,2,0,2,1,6,224000
9.568014816248,"Inside","NridgHt","1Fam",9,5,2003,"Y","SBrkr",2696,2,1,3,1,10,500000
9.52149480061311,"Corner","NridgHt","1Fam",8,5,2002,"Y","SBrkr",2250,2,1,3,1,7,320000
8.94350613203724,"Inside","NridgHt","TwnhsE",9,5,2005,"Y","SBrkr",1752,2,0,2,1,6,319900
8.87234697898303,"Inside","NridgHt","TwnhsE",8,5,2006,"Y","SBrkr",1370,2,0,2,1,6,205000
7.8739783796045,"Inside","NridgHt","Twnhs",7,5,2003,"Y","SBrkr",1626,2,1,2,1,6,175500
9.82520163413758,"Corner","Gilbert","1Fam",6,5,2005,"Y","SBrkr",1324,2,0,3,1,6,199500
8.07184314960916,"Inside","Blmngtn","TwnhsE",7,5,2006,"Y","SBrkr",1145,2,0,2,1,6,160000
8.06526520889773,"Inside","Blmngtn","TwnhsE",8,5,2004,"Y","SBrkr",1269,2,0,2,1,6,192000
9.49551931420985,"Inside","Gilbert","1Fam",7,5,2004,"Y","SBrkr",1374,2,1,3,1,7,184500
8.96839619119826,"Inside","Gilbert","1Fam",6,5,2002,"Y","SBrkr",1960,2,1,4,1,8,216500
9.05683948099042,"Inside","Gilbert","1Fam",7,5,2004,"Y","SBrkr",1733,2,1,3,1,7,185088
8.95544812234739,"Inside","Gilbert","1Fam",7,5,2000,"Y","SBrkr",1430,2,1,3,1,7,180000
9.15957325492253,"CulDSac","Gilbert","1Fam",7,5,2001,"Y","SBrkr",2035,2,1,3,1,8,222500
9.60062415808868,"Corner","NoRidge","1Fam",9,5,1999,"Y","SBrkr",2599,2,1,4,1,10,333168
9.76612024074321,"CulDSac","NoRidge","1Fam",8,5,1998,"Y","SBrkr",2475,2,1,4,1,7,355000
9.2679486845965,"Inside","NoRidge","1Fam",7,5,1996,"Y","SBrkr",1720,2,0,3,1,7,260400
9.41377089198037,"Corner","NoRidge","1Fam",8,5,1994,"Y","SBrkr",2622,2,1,3,1,9,325000
9.37279929967389,"CulDSac","NoRidge","1Fam",8,7,1999,"Y","SBrkr",2270,2,1,4,1,9,290000
9.72734685481725,"CulDSac","NoRidge","1Fam",7,5,1998,"Y","SBrkr",1839,2,1,4,1,7,221000
9.59696239228287,"CulDSac","NoRidge","1Fam",8,5,1995,"Y","SBrkr",3238,2,1,4,1,9,410000
9.10353436765837,"Inside","Somerst","1Fam",8,5,2005,"Y","SBrkr",1595,2,0,2,1,6,221500
9.12858787010392,"Inside","Somerst","1Fam",7,5,2009,"Y","SBrkr",1218,2,0,2,1,4,204500
9.0641578617981,"Inside","Somerst","1Fam",7,5,2009,"Y","SBrkr",1547,2,1,3,1,7,215200
9.10497985631836,"Inside","Somerst","1Fam",8,5,2008,"Y","SBrkr",1566,2,0,3,1,7,262500
9.43763529441287,"Corner","Somerst","1Fam",7,5,2004,"Y","SBrkr",1947,2,1,3,1,8,254900
9.25339986143663,"Corner","Somerst","1Fam",6,5,2005,"Y","SBrkr",1468,2,0,2,1,6,271500
9.22444049635496,"Inside","SawyerW","1Fam",7,5,2004,"Y","SBrkr",2084,2,1,4,1,8,233000
9.38597294061934,"Inside","SawyerW","1Fam",7,5,2004,"Y","SBrkr",1659,2,1,3,1,8,181000
9.09155683598622,"Inside","SawyerW","1Fam",7,5,1994,"Y","SBrkr",2110,2,1,3,1,8,205000
8.98869569678571,"Inside","SawyerW","TwnhsE",6,5,1980,"Y","SBrkr",923,2,0,2,1,5,143000
9.32527491006828,"Inside","SawyerW","1Fam",6,5,1992,"Y","SBrkr",1845,2,1,3,1,8,189000
8.97360486714251,"Inside","SawyerW","TwnhsE",6,5,1979,"Y","SBrkr",918,2,0,2,1,5,99500
8.87835804062782,"Inside","SawyerW","TwnhsE",6,5,1984,"Y","SBrkr",752,1,0,2,1,4,125000
9.15408743042538,"CulDSac","SawyerW","1Fam",7,7,1993,"Y","SBrkr",1744,2,1,3,1,7,194500
9.17699039229463,"Corner","SawyerW","1Fam",6,5,1984,"Y","SBrkr",1097,2,0,3,1,6,152000
9.03598698483141,"Inside","SawyerW","1Fam",6,6,1980,"Y","SBrkr",1564,2,1,3,1,7,171000
9.19013766465866,"Corner","SawyerW","1Fam",5,5,1920,"N","FuseA",1012,1,0,2,1,5,67500
9.09717167387054,"Inside","Sawyer","Duplex",6,5,1978,"Y","SBrkr",1902,2,0,4,2,8,112000
9.37432822208163,"Inside","Sawyer","1Fam",5,7,1961,"Y","SBrkr",1155,1,0,3,1,6,148000
9.04192172035122,"Inside","Sawyer","1Fam",5,8,1965,"Y","SBrkr",894,1,0,3,1,5,138500
9.19207456316929,"Inside","Sawyer","1Fam",5,5,1967,"Y","SBrkr",900,1,0,3,1,5,122000
8.9226582995244,"Corner","Sawyer","1Fam",5,5,1963,"Y","SBrkr",1040,1,1,3,1,5,133000
8.83884181343129,"Corner","Sawyer","1Fam",5,8,1962,"Y","SBrkr",1040,1,1,3,1,6,127000
9.64277192831416,"CulDSac","Sawyer","1Fam",6,6,1974,"Y","SBrkr",1494,2,0,3,1,7,169000
9.22876950744455,"Inside","NoRidge","1Fam",7,5,1992,"Y","SBrkr",1923,2,1,3,1,8,190000
9.48364457648201,"Inside","NoRidge","1Fam",8,5,1993,"Y","SBrkr",2349,2,1,4,1,9,362500
9.31775876874345,"Inside","NoRidge","1Fam",8,5,1992,"Y","SBrkr",2225,2,1,4,1,7,285000
8.48363640788739,"CulDSac","Somerst","TwnhsE",7,5,2004,"Y","SBrkr",1488,2,0,2,1,6,260000
8.16479480424477,"Inside","Somerst","TwnhsE",7,5,2004,"Y","SBrkr",1680,2,1,2,1,3,190000
8.07558263667172,"Inside","Somerst","TwnhsE",7,5,2004,"Y","SBrkr",1200,2,1,2,1,4,155000
8.06526520889773,"Inside","Somerst","TwnhsE",7,5,2004,"Y","SBrkr",1200,2,1,2,1,4,151000
7.84149292446001,"Inside","Somerst","Twnhs",7,5,2004,"Y","SBrkr",1200,2,1,2,1,4,149500
7.84149292446001,"Inside","Somerst","Twnhs",6,5,2005,"Y","SBrkr",1236,2,1,2,1,4,152000
8.39004140575575,"Inside","Somerst","1Fam",7,5,2009,"Y","SBrkr",1478,2,1,2,1,7,222000
7.65775527113487,"Inside","Somerst","Twnhs",6,5,2000,"Y","SBrkr",1573,2,1,3,1,5,177500
7.99967857949945,"Corner","Somerst","TwnhsE",6,5,2000,"Y","SBrkr",1512,2,1,2,1,5,177000
7.85243908535751,"FR2","Somerst","Twnhs",7,5,1999,"Y","SBrkr",1416,2,1,3,1,6,155000
7.78447323573647,"FR2","Somerst","TwnhsE",7,5,2003,"Y","SBrkr",1080,2,1,2,1,4,147110
9.46133252611013,"Inside","Somerst","1Fam",8,5,2010,"Y","SBrkr",1418,1,1,1,1,6,267916
8.90639340705837,"Inside","Somerst","1Fam",8,5,2000,"Y","SBrkr",1848,2,1,3,1,7,254000
8.39389497507174,"CulDSac","Greens","TwnhsE",8,5,1980,"Y","SBrkr",788,1,0,1,1,3,155000
8.26359043261732,"Inside","Greens","Twnhs",8,6,1978,"Y","SBrkr",1226,1,0,1,1,4,206000
9.51170343148383,"CulDSac","Sawyer","1Fam",6,8,1976,"Y","SBrkr",1479,2,1,3,1,6,130500
8.98719682066197,"Inside","Somerst","1Fam",7,5,2002,"Y","SBrkr",1492,2,0,3,1,6,230000
9.25493125530406,"Inside","NWAmes","1Fam",6,6,1967,"Y","SBrkr",1829,2,0,4,1,8,218500
9.28646773236373,"Inside","NWAmes","1Fam",6,5,1993,"Y","SBrkr",2495,2,1,4,1,9,243500
9.2688922589258,"Inside","NWAmes","1Fam",6,7,1977,"Y","SBrkr",1610,2,0,3,1,6,205000
9.84357829978222,"Inside","NWAmes","1Fam",6,5,1978,"Y","SBrkr",1891,3,0,3,1,7,212500
9.25157827999243,"Inside","NWAmes","1Fam",7,5,1988,"Y","SBrkr",1714,2,1,3,1,7,196500
9.14420056947164,"Inside","NWAmes","1Fam",6,7,1972,"Y","SBrkr",1381,1,1,3,1,5,197500
9.16951837745593,"Inside","NWAmes","1Fam",6,6,1971,"Y","SBrkr",1645,1,2,4,1,7,171000
9.16951837745593,"Inside","NAmes","1Fam",5,5,1966,"Y","SBrkr",1232,1,1,3,1,6,142250
9.18911673552456,"Inside","NWAmes","1Fam",6,5,1963,"Y","SBrkr",1328,1,1,3,1,6,143000
9.13991790767964,"Inside","NAmes","1Fam",4,5,1959,"Y","SBrkr",1225,1,1,3,1,6,128950
9.20029003612268,"Corner","NAmes","1Fam",5,5,1966,"Y","SBrkr",1209,1,0,3,1,6,159000
9.17781718027062,"Inside","NAmes","1Fam",5,6,1967,"Y","SBrkr",1510,2,0,3,1,6,178900
9.26860928010016,"Inside","NAmes","1Fam",6,5,1964,"Y","SBrkr",1775,2,0,3,1,8,136300
9.55478077824657,"Corner","NAmes","1Fam",5,7,1964,"Y","SBrkr",1152,1,0,3,1,6,180500
9.0825070004663,"Inside","NAmes","1Fam",6,7,1963,"Y","SBrkr",1054,1,0,3,1,6,137500
9.49250726373985,"Inside","NAmes","Duplex",5,6,1962,"Y","SBrkr",1728,2,0,6,2,10,84900
9.18163220783944,"Inside","NAmes","1Fam",5,6,1950,"Y","FuseA",1078,1,0,2,1,5,142125
9.18235233543601,"Inside","NAmes","1Fam",5,7,1952,"Y","SBrkr",2461,2,0,3,1,7,197600
9.76192398821434,"Corner","NAmes","1Fam",6,6,1949,"Y","SBrkr",1556,2,0,3,1,6,172500
8.88280805492444,"Inside","BrkSide","1Fam",5,7,1958,"Y","SBrkr",858,1,0,2,1,4,116500
8.58485183989005,"Inside","BrkSide","1Fam",3,2,1940,"Y","SBrkr",1306,1,0,3,1,6,76500
9.20230820027892,"Inside","NAmes","1Fam",5,5,1954,"Y","SBrkr",1063,1,0,3,1,6,128000
9.16951837745593,"Inside","NAmes","1Fam",6,6,1955,"Y","SBrkr",1520,1,0,3,1,7,153000
8.96187901267768,"Inside","NAmes","1Fam",5,6,1954,"Y","SBrkr",1268,1,0,2,1,7,132000
9.33961270768032,"Inside","NAmes","1Fam",6,8,1966,"Y","SBrkr",1128,1,0,2,1,5,178000
9.35876037709446,"Corner","NAmes","Duplex",5,5,1960,"Y","FuseA",2274,2,0,5,2,12,154300
9.89847501071258,"Inside","NAmes","1Fam",7,5,1970,"Y","SBrkr",2207,2,0,3,1,7,180000
9.71063069382679,"Corner","NAmes","1Fam",6,6,1966,"Y","SBrkr",1888,2,1,2,1,6,190000
9.02002696525268,"Corner","NAmes","Duplex",5,5,1958,"Y","SBrkr",1604,2,0,4,2,8,135000
9.01152351265303,"Inside","NAmes","1Fam",7,5,2003,"Y","SBrkr",1480,2,0,3,1,7,214000
8.99342737041261,"Inside","NAmes","1Fam",5,5,1959,"Y","SBrkr",1143,1,0,3,1,6,136000
9.26407069439715,"Inside","NAmes","1Fam",5,5,1959,"Y","SBrkr",1700,1,1,4,1,6,165500
9.03598698483141,"Inside","NAmes","1Fam",5,6,1957,"Y","SBrkr",1314,1,0,3,1,5,145000
9.07795118393044,"Inside","NAmes","1Fam",6,6,1959,"Y","SBrkr",1194,1,0,3,1,6,148000
9.40590715552016,"Inside","NAmes","1Fam",5,5,1959,"Y","SBrkr",1188,1,0,3,1,6,142000
9.13776967914135,"Inside","NAmes","1Fam",5,5,1960,"Y","SBrkr",1264,1,0,3,1,6,167500
9.28033274379622,"Inside","NAmes","1Fam",5,5,1959,"Y","SBrkr",1206,1,0,3,1,6,108538
9.2135352628727,"Inside","NAmes","1Fam",6,5,1959,"Y","SBrkr",1580,1,1,3,1,6,159500
9.03384182848502,"Inside","NAmes","1Fam",4,5,1956,"Y","FuseA",1337,1,0,3,1,5,108000
9.30109473524465,"Inside","NAmes","1Fam",5,7,1952,"Y","SBrkr",1064,1,0,2,1,4,135000
9.29605924737872,"Corner","NAmes","1Fam",5,6,1955,"Y","SBrkr",972,1,0,3,1,5,122500
9.51686873222432,"Inside","NAmes","2fmCon",5,5,1958,"Y","SBrkr",988,1,0,2,1,5,119000
8.97739897818186,"Inside","NAmes","1Fam",5,7,1953,"Y","SBrkr",1057,1,0,3,1,5,109000
8.9743648418466,"Corner","NAmes","1Fam",4,7,1920,"Y","SBrkr",985,1,0,2,1,4,105000
8.88183630500415,"Inside","NAmes","1Fam",5,7,1955,"Y","SBrkr",827,1,0,2,1,5,107500
9.23014299927236,"Inside","NAmes","1Fam",5,7,1954,"Y","SBrkr",1086,1,0,3,1,6,144900
8.67726913926287,"Inside","NAmes","1Fam",5,7,1956,"Y","SBrkr",936,1,0,2,1,4,129000
9.77012757379084,"Inside","NAmes","1Fam",6,5,1948,"Y","SBrkr",1458,1,0,3,1,6,97500
8.85066091901715,"Inside","OldTown","Duplex",6,5,1980,"Y","SBrkr",1056,0,0,0,2,4,144000
9.19319421314121,"Corner","NAmes","1Fam",5,7,1959,"Y","SBrkr",1287,1,0,3,1,7,162000
9.33034316437088,"Corner","NAmes","1Fam",7,7,1967,"Y","SBrkr",2978,2,1,5,1,11,242000
8.99516499031115,"Inside","NAmes","1Fam",6,8,1948,"Y","SBrkr",1224,1,0,3,1,5,132000
8.9226582995244,"Inside","NAmes","1Fam",5,7,1959,"Y","SBrkr",1246,1,1,3,1,6,154000
9.05017161982336,"Corner","NAmes","1Fam",5,4,1952,"Y","SBrkr",1385,2,0,4,1,6,166000
8.88183630500415,"Corner","NAmes","1Fam",5,7,1951,"Y","SBrkr",900,1,0,3,1,5,134800
9.21034037197618,"Corner","NAmes","1Fam",6,6,1962,"Y","SBrkr",1116,1,1,3,1,5,160000
8.94049821765273,"Corner","NAmes","1Fam",5,6,1960,"Y","SBrkr",1175,1,1,3,1,6,148000
9.18604767940714,"Inside","NAmes","1Fam",6,7,1963,"Y","SBrkr",1395,1,0,2,1,7,192000
8.94897560784178,"Inside","NAmes","1Fam",6,5,1966,"Y","SBrkr",1839,1,1,4,1,7,155000
8.47637119689598,"Corner","OldTown","1Fam",4,5,1900,"Y","SBrkr",1844,1,0,3,1,9,80400
9.0825070004663,"Corner","OldTown","1Fam",4,7,1910,"Y","SBrkr",1140,1,0,3,1,7,96500
8.4084937744929,"Inside","OldTown","1Fam",5,7,1920,"Y","SBrkr",936,1,0,2,1,5,109500
9.10052550596898,"Inside","OldTown","1Fam",5,6,1927,"Y","FuseA",1028,1,0,2,1,5,115000
8.66647489413199,"Inside","OldTown","1Fam",5,7,1957,"Y","SBrkr",1347,1,0,3,1,6,143000
8.66388757056704,"Corner","OldTown","1Fam",3,6,1915,"N","SBrkr",1605,2,0,3,2,8,107400
8.43554920237573,"Corner","OldTown","1Fam",4,6,1945,"Y","SBrkr",747,1,0,2,1,4,80000
8.88183630500415,"Corner","OldTown","1Fam",5,7,1940,"Y","SBrkr",804,1,0,2,1,4,119000
8.61250337122056,"Corner","OldTown","1Fam",5,7,1929,"Y","SBrkr",1316,1,0,3,1,6,130000
8.83927669058535,"Corner","OldTown","1Fam",6,7,1938,"Y","SBrkr",1251,1,0,3,1,6,119000
9.38016753118845,"Inside","OldTown","1Fam",5,7,1948,"Y","SBrkr",1633,1,0,3,1,7,129000
9.01663425631559,"Inside","OldTown","1Fam",5,6,1920,"Y","SBrkr",1245,1,0,3,1,6,100000
9.17533476277737,"Inside","OldTown","1Fam",2,2,1923,"N","SBrkr",832,1,0,2,1,5,12789
9.05017161982336,"Inside","OldTown","1Fam",6,8,1928,"Y","SBrkr",720,1,0,2,1,5,105900
9.16951837745593,"Corner","OldTown","1Fam",8,9,1900,"N","SBrkr",1566,2,0,3,1,7,150000
9.28730141311231,"Inside","OldTown","1Fam",5,6,1915,"Y","SBrkr",1652,2,0,4,1,7,139000
9.10497985631836,"Inside","OldTown","1Fam",8,9,1890,"Y","SBrkr",2268,3,0,3,1,7,240000
9.1099673978294,"Inside","OldTown","2fmCon",5,3,1910,"N","FuseF",2256,2,0,4,2,12,76500
8.91018077801329,"Inside","OldTown","1Fam",6,7,1957,"Y","FuseA",1236,1,0,2,1,6,149700
8.95415696658377,"Inside","OldTown","1Fam",4,7,1910,"Y","SBrkr",1363,1,0,3,1,6,125500
9.33609157728174,"Inside","OldTown","2fmCon",4,6,1885,"Y","SBrkr",2290,2,0,4,2,11,122500
9.26482855726025,"Inside","OldTown","1Fam",6,7,1922,"Y","SBrkr",1470,1,1,2,1,6,140750
8.67077227934454,"Corner","BrkSide","1Fam",5,6,1950,"Y","SBrkr",1612,1,1,3,1,7,128500
8.96098117384356,"Corner","BrkSide","1Fam",7,7,1922,"N","FuseA",2068,1,1,3,1,8,209500
8.51719319141624,"Inside","BrkSide","1Fam",4,7,1925,"N","FuseF",765,1,0,2,1,4,87000
8.69951474821019,"Inside","BrkSide","1Fam",6,7,1939,"Y","SBrkr",1132,1,0,2,1,5,134000
8.69951474821019,"Inside","BrkSide","1Fam",6,6,1940,"Y","FuseA",1196,1,1,3,1,6,128000
8.75778365633417,"Corner","BrkSide","1Fam",5,6,1942,"Y","FuseA",1453,1,1,3,1,7,132000
8.69951474821019,"Inside","BrkSide","1Fam",6,7,1948,"Y","SBrkr",1416,1,1,3,1,6,139900
8.73873546136347,"Inside","BrkSide","1Fam",5,7,1936,"Y","SBrkr",1040,1,0,2,1,5,123900
8.73873546136347,"Inside","BrkSide","1Fam",5,5,1930,"Y","FuseF",1536,2,0,4,1,7,138400
8.71931737550637,"Inside","OldTown","1Fam",6,5,1923,"Y","SBrkr",1068,1,0,2,1,5,109500
9.23989917421773,"Inside","OldTown","1Fam",7,6,1921,"Y","SBrkr",1710,2,0,3,1,9,140000
8.99887832543581,"Inside","OldTown","1Fam",4,5,1915,"Y","SBrkr",1962,1,1,4,1,9,149500
9.46498259034976,"Inside","OldTown","1Fam",6,8,1912,"Y","SBrkr",1560,1,1,3,1,7,159900
8.02878116248715,"Inside","OldTown","1Fam",6,8,1920,"Y","SBrkr",1324,1,0,3,1,6,122000
9.04452188728124,"Corner","IDOTRR","Duplex",5,5,1963,"N","SBrkr",816,1,0,2,1,5,110000
8.63052187672324,"Inside","IDOTRR","2fmCon",4,5,1930,"N","SBrkr",1092,2,0,3,2,7,55000
8.9398431242785,"Inside","OldTown","2fmCon",5,9,1900,"Y","SBrkr",1812,2,0,4,2,8,140000
10.0895520956089,"Inside","ClearCr","1Fam",7,7,1940,"Y","SBrkr",2403,2,0,4,1,10,244400
9.63318687791512,"Inside","ClearCr","1Fam",5,5,1959,"Y","SBrkr",1675,2,0,3,1,8,173000
9.27162360039308,"Inside","ClearCr","1Fam",5,3,1917,"N","SBrkr",1224,1,1,3,1,6,107500
9.20029003612268,"Inside","SWISU","2fmCon",5,4,1915,"N","SBrkr",1392,1,0,3,1,6,100000
8.69968140098951,"Inside","SWISU","1Fam",6,5,1940,"N","SBrkr",919,1,0,3,1,5,95000
8.77168035901038,"Inside","SWISU","1Fam",4,1,1907,"N","SBrkr",1884,1,1,4,1,7,93369
8.70748291785937,"Corner","SWISU","2fmCon",5,7,1910,"Y","SBrkr",1680,2,0,2,2,7,114900
8.75494945509829,"Inside","Sawyer","1Fam",5,8,1875,"N","SBrkr",1020,1,0,2,1,6,94000
9.28479828289419,"Inside","Sawyer","Duplex",4,3,1967,"N","SBrkr",1832,2,0,4,2,8,136000
9.28526229849344,"Inside","Sawyer","Duplex",4,5,1968,"N","SBrkr",1768,2,0,4,2,8,136500
9.36091323045556,"Inside","Sawyer","2fmCon",5,4,1965,"Y","SBrkr",1039,1,1,3,1,6,131500
9.33617975681533,"Inside","Sawyer","1Fam",5,6,1957,"Y","SBrkr",1392,1,1,3,1,5,121500
9.05028898382796,"FR2","Sawyer","1Fam",5,5,1967,"Y","SBrkr",912,1,0,3,1,5,125000
9.01748351326684,"Inside","Sawyer","1Fam",5,8,1968,"Y","SBrkr",1060,1,0,3,1,6,154000
8.96187901267768,"Inside","Sawyer","1Fam",5,7,1966,"Y","SBrkr",892,1,0,3,1,5,137900
9.1446278286108,"Corner","Sawyer","1Fam",6,7,1969,"Y","SBrkr",1352,1,1,4,1,7,158000
8.96597318421035,"Inside","Sawyer","1Fam",5,5,1968,"Y","SBrkr",864,1,0,2,1,4,137250
8.91247327446604,"Inside","Sawyer","Duplex",5,5,1978,"Y","SBrkr",1373,1,0,3,1,5,160250
9.32607687045878,"Inside","Sawyer","1Fam",5,5,1968,"Y","SBrkr",1440,1,1,4,1,7,163000
9.36013873706458,"CulDSac","Sawyer","1Fam",6,5,1978,"Y","SBrkr",1386,2,1,3,1,6,158900
9.5468126085974,"Inside","ClearCr","1Fam",7,5,1996,"Y","SBrkr",2260,2,1,3,1,7,328000
9.90658275744343,"Inside","ClearCr","1Fam",7,7,1977,"Y","SBrkr",1483,1,1,1,1,4,270000
9.13335133044805,"Corner","Sawyer","1Fam",4,4,1927,"N","SBrkr",756,1,0,2,1,4,85000
9.16951837745593,"Inside","Sawyer","1Fam",4,7,1950,"Y","SBrkr",1067,2,0,2,1,4,128000
10.0687901041605,"Inside","ClearCr","1Fam",7,6,1979,"Y","SBrkr",1524,0,1,0,1,4,260000
9.74578055650609,"CulDSac","ClearCr","1Fam",6,5,1978,"Y","SBrkr",1981,2,1,4,1,8,230000
9.83091685970129,"Inside","Edwards","1Fam",3,4,1938,"Y","FuseA",1610,2,0,4,1,8,124000
9.27096499379262,"Corner","Edwards","1Fam",5,5,1920,"N","SBrkr",835,1,0,2,1,5,83000
9.3482745580655,"Inside","Edwards","1Fam",6,7,1950,"Y","SBrkr",1074,1,0,3,1,6,144500
9.16649297219591,"Inside","Edwards","1Fam",5,6,1956,"Y","SBrkr",1144,1,0,3,1,6,129000
9.14313162228273,"Inside","Edwards","1Fam",4,6,1947,"Y","SBrkr",1531,1,0,3,1,8,127000
9.1616751999949,"Inside","Edwards","1Fam",5,7,1954,"Y","SBrkr",1172,1,0,3,1,5,128000
9.25148231530736,"Corner","Edwards","1Fam",6,5,2009,"Y","SBrkr",1212,2,0,3,1,6,186000
9.76909864949748,"Inside","Edwards","1Fam",7,5,2009,"Y","SBrkr",1508,1,0,1,1,5,308030
9.32366905728319,"CulDSac","Edwards","1Fam",5,3,1964,"Y","SBrkr",1298,2,0,3,1,5,114000
9.31470038730042,"Inside","Edwards","1Fam",4,7,1946,"Y","SBrkr",930,1,0,2,1,6,84900
9.12761072437719,"Inside","SawyerW","1Fam",6,5,1985,"Y","SBrkr",1732,2,1,3,1,7,178000
9.39099387166944,"Inside","SawyerW","1Fam",7,5,1987,"Y","SBrkr",1433,1,1,1,1,4,270000
9.42230163388782,"CulDSac","SawyerW","1Fam",6,7,1993,"Y","SBrkr",1802,2,1,3,1,8,218000
9.20412107216227,"Inside","SawyerW","1Fam",7,5,1993,"Y","SBrkr",1949,2,1,3,1,8,236000
9.11261728344757,"Inside","SawyerW","1Fam",6,6,1992,"Y","SBrkr",996,1,0,2,1,5,147000
9.25674674479034,"Corner","CollgCr","1Fam",8,5,2008,"Y","SBrkr",1694,2,0,3,1,7,245350
8.81907398326783,"Inside","CollgCr","1Fam",7,5,2006,"Y","SBrkr",1208,2,0,2,1,6,206000
9.24975337433302,"Corner","CollgCr","1Fam",7,5,2009,"Y","SBrkr",1226,2,0,3,1,6,198900
8.90381521172292,"Inside","CollgCr","1Fam",7,5,2010,"Y","SBrkr",1222,2,0,2,1,6,187000
9.4235143922529,"Corner","SawyerW","1Fam",7,5,1990,"Y","SBrkr",3222,3,0,5,1,11,320000
9.56345899971214,"Inside","SawyerW","1Fam",6,8,1900,"Y","SBrkr",1445,2,0,3,1,6,138500
9.0843235313927,"Inside","ClearCr","1Fam",6,7,1971,"Y","SBrkr",1052,1,0,3,1,6,155000
9.31515073632853,"Corner","CollgCr","1Fam",5,5,1996,"Y","SBrkr",965,1,0,2,1,4,159000
9.14174028048393,"Inside","CollgCr","1Fam",7,5,1997,"Y","SBrkr",1692,2,1,3,1,8,191000
9.07680897935166,"Inside","CollgCr","1Fam",6,5,1998,"Y","SBrkr",1682,2,1,3,1,7,200500
9.63167882924064,"FR2","CollgCr","1Fam",5,8,1977,"Y","SBrkr",1026,1,1,3,1,5,150000
9.29651806821724,"FR2","CollgCr","1Fam",6,7,1977,"Y","SBrkr",1392,1,1,3,1,6,161750
9.27331517113757,"Corner","CollgCr","1Fam",5,6,1976,"Y","SBrkr",894,1,0,3,1,5,128200
8.91998807096852,"Inside","CollgCr","1Fam",5,6,1972,"Y","SBrkr",876,1,0,3,1,5,127000
9.24850283307053,"Inside","CollgCr","1Fam",8,5,2003,"Y","SBrkr",1978,2,1,3,1,8,318000
9.34338414573395,"Inside","CollgCr","1Fam",8,5,2001,"Y","SBrkr",1601,2,0,3,1,6,272000
9.16408698745872,"CulDSac","CollgCr","1Fam",7,6,2003,"Y","SBrkr",1829,2,1,3,1,7,237000
9.14580185083861,"Inside","CollgCr","1Fam",7,5,1997,"Y","SBrkr",2098,2,1,4,1,9,240000
9.40401391710636,"CulDSac","CollgCr","1Fam",7,5,1998,"Y","SBrkr",1661,2,0,3,1,6,224900
8.39728289474368,"Inside","CollgCr","TwnhsE",6,5,2003,"Y","SBrkr",848,1,0,1,1,4,143750
8.39525152061099,"Inside","CollgCr","TwnhsE",6,5,2004,"Y","SBrkr",848,1,0,1,1,3,143000
9.27190572763434,"FR2","CollgCr","1Fam",8,5,2003,"Y","SBrkr",1668,2,0,3,1,8,232000
9.03598698483141,"Inside","CollgCr","1Fam",7,5,2004,"Y","SBrkr",1484,2,0,3,1,7,213000
9.07943410212838,"FR2","CollgCr","1Fam",7,5,2004,"Y","SBrkr",1414,2,0,3,1,6,185500
9.07988994259212,"Inside","Edwards","1Fam",3,6,1945,"N","SBrkr",640,1,0,2,1,5,84900
9.08726837438619,"Corner","Edwards","1Fam",5,6,1954,"Y","SBrkr",992,1,0,3,1,6,155891
9.19268543673746,"Inside","Edwards","Duplex",5,5,1965,"N","SBrkr",1664,2,0,4,2,8,100000
9.21473072027748,"CulDSac","Edwards","1Fam",5,6,1968,"Y","SBrkr",1196,1,0,3,1,6,144000
9.37517661442912,"Inside","Edwards","1Fam",4,5,1948,"N","FuseF",1120,1,0,2,1,5,64000
8.74909824839902,"Inside","Edwards","1Fam",6,6,1975,"Y","SBrkr",1096,1,0,3,1,5,125200
8.96431194812451,"Inside","Edwards","1Fam",6,5,1976,"Y","SBrkr",1117,1,0,3,1,6,107000
8.76561454991472,"Inside","Edwards","1Fam",4,5,1958,"Y","SBrkr",960,1,0,3,1,5,90000
9.05321861620397,"Corner","Edwards","1Fam",4,5,2003,"Y","SBrkr",1121,2,0,2,1,5,140000
9.07577987858049,"Inside","Edwards","1Fam",6,4,1945,"Y","FuseA",1487,1,1,3,1,7,113000
9.40755054126389,"Inside","Edwards","2fmCon",4,4,1941,"N","FuseA",924,1,0,2,1,5,80000
9.05508908670489,"Inside","Edwards","1Fam",5,6,1957,"Y","FuseA",1526,1,0,4,1,7,144500
8.48735234940522,"Inside","SWISU","1Fam",5,6,1924,"N","FuseA",1296,2,0,2,1,5,104000
8.83317113302287,"Corner","SWISU","1Fam",6,4,1915,"N","FuseF",1647,1,1,4,1,6,128000
9.01335177813882,"Inside","Edwards","1Fam",3,3,1914,"N","FuseF",864,1,0,2,1,5,58500
8.51719319141624,"Inside","SWISU","1Fam",5,6,1924,"Y","SBrkr",1691,2,0,3,1,6,127000
8.97335141383992,"Corner","SWISU","1Fam",6,6,1939,"Y","SBrkr",856,1,0,2,1,4,126000
8.88183630500415,"Inside","SWISU","Duplex",4,6,1967,"Y","SBrkr",2650,3,0,6,2,10,160000
9.19410935886576,"Inside","SWISU","1Fam",5,2,1931,"Y","SBrkr",1666,1,0,3,1,7,100000
9.17346889720028,"Inside","SWISU","1Fam",6,7,1919,"Y","SBrkr",2447,2,0,4,1,10,169000
9.2545486266405,"Inside","Crawfor","1Fam",7,6,1941,"Y","SBrkr",2133,1,1,4,1,8,257500
9.65502619323763,"Inside","Crawfor","Duplex",5,6,1950,"Y","SBrkr",2177,2,1,5,2,11,215000
9.10963566785455,"Inside","Crawfor","1Fam",7,9,1941,"Y","SBrkr",2340,2,0,4,1,9,266500
9.76995615991161,"Inside","Crawfor","1Fam",7,8,1959,"Y","SBrkr",1902,2,0,3,1,7,335000
9.88557813199256,"FR2","Crawfor","1Fam",7,6,1994,"Y","SBrkr",1652,2,1,3,1,6,203135
8.27052509505507,"Inside","Blueste","TwnhsE",8,6,1989,"Y","SBrkr",1034,1,0,1,1,4,185000
8.27052509505507,"Inside","Blueste","TwnhsE",8,5,1989,"Y","SBrkr",1191,2,0,2,1,5,162500
9.65515439014826,"Inside","Crawfor","1Fam",7,8,1959,"Y","SBrkr",1801,2,0,1,1,6,289000
8.60079877527103,"Inside","IDOTRR","1Fam",4,8,1922,"Y","SBrkr",1154,1,0,3,1,7,125500
9.0062638833792,"Inside","IDOTRR","1Fam",2,5,1941,"Y","SBrkr",540,1,0,1,1,4,82000
9.1204156644482,"Inside","IDOTRR","1Fam",6,5,1921,"Y","SBrkr",1107,1,0,2,1,5,110000
8.9226582995244,"Inside","IDOTRR","1Fam",4,4,1920,"Y","FuseA",1128,1,0,2,1,6,68400
9.0724566646128,"Inside","IDOTRR","1Fam",4,7,1900,"Y","SBrkr",1178,1,0,2,1,7,102776
9.0724566646128,"Inside","IDOTRR","1Fam",5,5,1952,"N","FuseA",1044,1,0,2,1,4,55993
9.0724566646128,"Corner","IDOTRR","1Fam",4,7,1896,"Y","SBrkr",952,1,0,3,1,5,50138
8.24564690087386,"Corner","Crawfor","TwnhsE",8,5,2004,"Y","SBrkr",1646,2,0,2,1,5,246000
9.3101857069459,"Inside","Mitchel","1Fam",8,5,1998,"Y","SBrkr",1916,2,1,3,1,8,254900
9.17159954365975,"Inside","Mitchel","1Fam",6,7,1977,"Y","SBrkr",1285,2,0,3,1,6,190000
9.12652388588307,"Inside","Mitchel","1Fam",7,5,2003,"Y","SBrkr",1560,2,0,3,1,7,201000
9.41962837699995,"Inside","Mitchel","1Fam",6,5,1976,"Y","SBrkr",1034,1,0,3,1,6,169900
9.45407055689878,"Inside","Mitchel","Duplex",6,5,1976,"Y","SBrkr",2048,3,0,5,2,9,170000
10.9543091773679,"Inside","Timber","1Fam",5,5,1948,"Y","SBrkr",1687,1,0,3,1,7,160000
9.38395748813999,"Corner","Timber","1Fam",7,5,2008,"Y","SBrkr",1346,2,0,3,1,6,220000
9.19044374026173,"Inside","Timber","1Fam",7,5,2009,"Y","SBrkr",1214,2,0,2,1,6,179781
9.19034172546949,"Inside","Timber","1Fam",5,5,2006,"Y","SBrkr",1444,2,1,3,1,7,174000
9.39291189752534,"Corner","Timber","1Fam",8,5,2009,"Y","SBrkr",1968,2,1,4,1,8,269500
9.33397293242146,"Corner","Timber","1Fam",7,5,2002,"Y","SBrkr",1894,2,1,4,1,8,214900
9.56036323983454,"Inside","Timber","1Fam",8,5,2002,"Y","SBrkr",1908,2,1,4,1,9,202900
9.48903215258983,"Inside","Timber","1Fam",9,5,2008,"Y","SBrkr",2018,2,0,3,1,10,378500
9.63560810738053,"Inside","Mitchel","1Fam",5,5,1965,"Y","SBrkr",1264,1,0,2,1,7,169000
9.22167588163993,"Inside","Mitchel","1Fam",5,5,2004,"Y","SBrkr",1430,2,0,3,1,7,173500
9.14846496825809,"Corner","Mitchel","Duplex",6,5,1971,"Y","SBrkr",1824,2,2,4,2,8,139000
9.38219062890284,"Inside","Mitchel","1Fam",5,5,1999,"Y","SBrkr",1344,2,0,3,1,7,166500
7.58781721999343,"Inside","MeadowV","TwnhsE",4,5,1973,"Y","SBrkr",1092,1,1,3,1,6,83500
7.78072088611792,"Inside","MeadowV","Twnhs",5,6,1973,"Y","SBrkr",945,1,0,2,1,5,119500
7.86018505747217,"Inside","MeadowV","TwnhsE",5,3,1976,"Y","SBrkr",1112,1,1,3,1,4,85000
7.29709100516042,"Inside","MeadowV","Twnhs",4,7,1970,"Y","SBrkr",1092,1,1,3,1,5,76000
7.30720231476474,"Inside","MeadowV","TwnhsE",4,6,1972,"Y","SBrkr",630,1,0,1,1,3,75500
7.54960916515453,"Inside","MeadowV","TwnhsE",4,4,1970,"Y","SBrkr",1092,1,1,3,1,5,88250
7.54433210805369,"Inside","MeadowV","TwnhsE",4,6,1972,"Y","SBrkr",1092,1,1,3,1,5,85500
8.84692850009902,"Inside","Mitchel","1Fam",5,7,1971,"Y","SBrkr",874,1,0,3,1,5,130000
10.1712984953455,"CulDSac","Mitchel","1Fam",5,7,1962,"Y","SBrkr",1188,1,0,3,1,6,157900
9.46397433028839,"Inside","Mitchel","1Fam",5,7,1984,"Y","SBrkr",833,1,0,2,1,5,149900
8.94897560784178,"Inside","Mitchel","Duplex",5,2,1985,"Y","SBrkr",2432,4,2,4,2,10,159000
9.25674674479034,"Inside","Mitchel","1Fam",5,5,1991,"Y","SBrkr",1274,1,1,3,1,6,136000
9.26331225674229,"Inside","Mitchel","1Fam",5,5,1969,"Y","SBrkr",1479,2,0,5,1,8,161000
9.19948162864131,"Inside","Mitchel","1Fam",8,5,1994,"Y","SBrkr",1803,2,1,3,1,6,285000
9.46970012742337,"Inside","Mitchel","1Fam",6,5,1993,"Y","SBrkr",1797,2,1,3,1,7,231000
9.47331983178759,"Inside","NAmes","1Fam",6,5,1956,"Y","SBrkr",882,1,0,2,1,5,124500
9.23014299927236,"Inside","NAmes","1Fam",6,5,1974,"Y","SBrkr",1434,2,0,4,1,7,157000
9.53676227274389,"Inside","NAmes","1Fam",8,7,1972,"Y","SBrkr",2704,2,1,4,1,9,345000
9.22808205345234,"Corner","Gilbert","1Fam",6,5,1997,"Y","SBrkr",1608,2,1,3,1,7,189500
9.37517661442912,"Inside","Gilbert","1Fam",8,5,2003,"Y","SBrkr",2283,2,1,4,1,9,270000
9.03598698483141,"Inside","Gilbert","1Fam",7,5,1996,"Y","SBrkr",1628,2,1,3,1,7,189000
9.60857943499261,"CulDSac","Gilbert","1Fam",9,5,2006,"Y","SBrkr",1746,2,0,3,1,7,377500
9.05134464048573,"Inside","Gilbert","1Fam",7,5,1995,"Y","SBrkr",1474,2,1,3,1,7,168500
8.89508153175417,"CulDSac","StoneBr","TwnhsE",8,5,2004,"Y","SBrkr",2522,2,0,1,1,8,375000
8.64188563537355,"Inside","StoneBr","TwnhsE",8,5,2000,"Y","SBrkr",1659,2,0,2,1,5,278000
8.90652891759452,"Corner","StoneBr","1Fam",8,5,1998,"Y","SBrkr",1478,2,0,2,1,5,240000
8.98882050177807,"Corner","StoneBr","TwnhsE",8,5,1995,"Y","SBrkr",1734,2,0,2,1,6,239500
9.09638749190015,"Inside","Gilbert","1Fam",7,5,1998,"Y","SBrkr",1382,2,1,3,1,7,177500
9.224341891612,"Corner","Gilbert","1Fam",7,5,1998,"Y","SBrkr",1718,2,1,3,1,7,185000
8.9226582995244,"Inside","Gilbert","1Fam",6,5,1998,"Y","SBrkr",1636,2,1,3,1,7,191000
8.96661138705286,"Inside","Gilbert","1Fam",6,7,1993,"Y","SBrkr",1571,2,1,3,1,7,178000
9.18655984331078,"Corner","Gilbert","1Fam",6,8,1993,"Y","SBrkr",1470,2,1,3,1,6,185000
9.08284785146091,"Inside","Gilbert","1Fam",6,5,1994,"Y","SBrkr",1516,2,1,3,1,7,181316
8.88875674784872,"Inside","Gilbert","1Fam",6,5,1993,"Y","SBrkr",1190,2,0,3,1,6,166000
9.17326136373476,"Corner","Gilbert","1Fam",6,5,1992,"Y","SBrkr",1593,2,1,3,1,7,178000
9.00270100719794,"Inside","Gilbert","1Fam",6,5,1994,"Y","SBrkr",1481,2,1,3,1,6,174000
9.13216259091216,"Inside","Gilbert","1Fam",6,6,1992,"Y","SBrkr",1167,2,0,3,1,6,173000
9.28377669004936,"CulDSac","Gilbert","1Fam",7,5,1999,"Y","SBrkr",1983,2,1,3,1,9,225000
9.38016753118845,"Corner","Gilbert","1Fam",7,5,1990,"Y","SBrkr",1442,2,0,3,1,5,180500
8.66802408111882,"CulDSac","StoneBr","TwnhsE",8,5,1984,"Y","SBrkr",1360,1,0,1,1,4,187500
9.7655464514229,"CulDSac","StoneBr","1Fam",9,5,2008,"Y","SBrkr",2234,2,0,1,1,9,501837
9.37957668922148,"Inside","StoneBr","1Fam",8,5,2008,"Y","SBrkr",2046,2,1,3,1,7,372500
9.69017056203965,"Inside","StoneBr","1Fam",7,5,2005,"Y","SBrkr",1530,2,0,3,1,7,260000
9.38429367909962,"Inside","Gilbert","1Fam",5,6,1977,"Y","SBrkr",1934,2,1,3,1,6,185000
9.47308917788275,"Corner","NWAmes","1Fam",7,7,1980,"Y","SBrkr",2353,2,1,4,1,10,260000
9.74349484122524,"CulDSac","NWAmes","1Fam",6,5,1979,"Y","SBrkr",1586,2,0,3,1,7,181000
9.38429367909962,"Inside","NWAmes","1Fam",7,5,1977,"Y","SBrkr",1411,2,0,3,1,6,82500
9.71926418845258,"FR2","NWAmes","1Fam",6,7,1977,"Y","SBrkr",1602,2,0,3,1,8,215000
9.49175283141437,"Inside","NWAmes","1Fam",7,6,1978,"Y","SBrkr",2050,2,1,4,1,8,154000
9.29908358181057,"Inside","NWAmes","1Fam",6,6,1978,"Y","SBrkr",1671,2,0,3,1,7,200000
9.42448354109309,"Inside","NWAmes","1Fam",7,7,1980,"Y","SBrkr",2673,2,1,4,1,9,249000
9.55499334068759,"Inside","NWAmes","1Fam",7,5,1980,"Y","SBrkr",1472,2,0,3,1,6,187500
9.31361872142968,"Inside","NWAmes","1Fam",6,5,1978,"Y","SBrkr",1707,2,0,3,1,7,184000
9.16951837745593,"Inside","NWAmes","1Fam",8,5,1981,"Y","SBrkr",2524,2,1,4,1,9,278000
9.38261159291664,"Inside","NWAmes","1Fam",7,5,1978,"Y","SBrkr",1601,2,0,3,1,7,157000
9.24956108512946,"Inside","NWAmes","1Fam",7,5,1976,"Y","SBrkr",1370,2,0,3,1,6,152000
9.24028744834414,"CulDSac","NWAmes","1Fam",5,7,1976,"Y","SBrkr",1868,2,1,4,1,9,197500
8.85366542803745,"Inside","Somerst","1Fam",7,5,2003,"Y","SBrkr",1884,2,1,3,1,7,240900
8.98769669570362,"Inside","Somerst","1Fam",8,5,2009,"Y","SBrkr",1935,2,1,3,1,8,263435
8.9226582995244,"Inside","Somerst","1Fam",8,5,2000,"Y","SBrkr",1874,2,1,3,1,7,220000
9.0442857876461,"Corner","Somerst","1Fam",8,5,2002,"Y","SBrkr",1811,2,1,3,1,7,235000
9.14558849474649,"CulDSac","NWAmes","1Fam",5,7,1975,"Y","SBrkr",1621,2,0,3,1,7,213000
9.22424327714517,"Inside","NWAmes","1Fam",6,6,1974,"Y","SBrkr",1116,2,0,3,1,6,167900
9.3101857069459,"Corner","NWAmes","1Fam",7,5,1975,"Y","SBrkr",1193,2,0,3,1,5,158000
9.22424327714517,"Inside","NWAmes","1Fam",6,5,1974,"Y","SBrkr",1350,2,0,3,1,7,165000
9.25416585151621,"Corner","NWAmes","1Fam",6,6,1972,"Y","SBrkr",2119,2,1,3,1,7,158000
9.10497985631836,"FR2","NAmes","Duplex",5,5,1974,"Y","SBrkr",1792,2,2,4,2,8,136000
9.07680897935166,"Inside","NAmes","1Fam",5,6,1970,"Y","SBrkr",1002,1,0,3,1,5,148500
8.97840831462889,"Inside","NAmes","1Fam",6,8,1969,"Y","SBrkr",1026,1,0,3,1,5,156000
8.96571778898485,"Inside","NAmes","1Fam",5,5,1970,"Y","SBrkr",1180,1,1,2,1,6,128000
9.04899722156742,"Inside","NAmes","1Fam",5,7,1971,"Y","SBrkr",1050,1,1,3,1,6,143000
8.85907931788153,"Inside","NAmes","1Fam",4,6,1970,"Y","SBrkr",864,1,0,3,1,5,76500
8.84793475332846,"Inside","NAmes","1Fam",4,6,1970,"Y","SBrkr",864,1,0,3,1,5,120500
9.00208543315572,"Inside","NAmes","1Fam",4,7,1970,"Y","SBrkr",864,1,0,3,1,5,124500
9.25913053614561,"FR2","NAmes","1Fam",4,6,1971,"Y","SBrkr",864,1,0,2,1,4,97000
9.10497985631836,"FR2","NAmes","1Fam",4,7,1971,"Y","SBrkr",864,1,0,3,1,5,130000
7.4265490723973,"Inside","BrDale","Twnhs",6,5,1973,"Y","SBrkr",987,1,1,2,1,5,111000
7.7698009960039,"Inside","BrDale","TwnhsE",5,6,1970,"Y","SBrkr",1365,1,1,3,1,7,125000
7.4265490723973,"Inside","BrDale","Twnhs",5,5,1971,"Y","SBrkr",1302,2,1,3,1,6,112000
7.4265490723973,"Inside","BrDale","Twnhs",6,6,1972,"Y","SBrkr",987,1,1,2,1,5,97000
7.4265490723973,"Inside","BrDale","Twnhs",6,8,1972,"Y","SBrkr",987,1,1,2,1,5,118000
7.4265490723973,"Inside","BrDale","Twnhs",5,7,1972,"Y","SBrkr",1302,2,1,3,1,6,119500
8.50268850521336,"Inside","NPkVill","TwnhsE",6,6,1976,"Y","SBrkr",958,2,0,2,1,5,143750
7.74413662762799,"FR2","NPkVill","TwnhsE",6,5,1976,"Y","SBrkr",1548,2,1,3,1,7,146000
7.73193072194849,"FR2","NPkVill","Twnhs",6,6,1976,"Y","SBrkr",1456,2,1,3,1,7,148500
7.73193072194849,"FR2","NPkVill","Twnhs",7,5,1975,"Y","SBrkr",1055,2,0,2,1,4,123000
7.74413662762799,"Inside","NPkVill","TwnhsE",6,5,1974,"Y","SBrkr",1322,2,1,3,1,6,147000
7.76174498465891,"Inside","NPkVill","Twnhs",6,5,1977,"Y","SBrkr",1456,2,1,3,1,6,137900
7.76811037852599,"Inside","NPkVill","TwnhsE",6,5,1978,"Y","SBrkr",1548,2,1,3,1,7,147000
7.73587031995257,"Inside","NPkVill","Twnhs",6,6,1978,"Y","SBrkr",1441,2,1,3,1,7,148500
7.76811037852599,"Inside","NPkVill","TwnhsE",6,5,1978,"Y","SBrkr",1456,2,1,3,1,6,138000
7.6515955738576,"Inside","NPkVill","TwnhsE",7,6,1976,"Y","SBrkr",836,1,0,2,1,5,128500
8.87486763568805,"Inside","NAmes","1Fam",5,5,1967,"Y","SBrkr",892,1,0,3,1,5,100000
9.27893316344179,"Inside","NAmes","1Fam",5,7,1966,"Y","SBrkr",1120,1,0,3,1,5,148800
9.42995771351383,"FR2","NridgHt","1Fam",10,5,2006,"Y","SBrkr",1718,2,0,3,1,7,337500
9.56500329315396,"Inside","NridgHt","1Fam",9,5,2007,"Y","SBrkr",2772,3,1,4,1,10,462000
9.5117774096603,"Inside","NridgHt","1Fam",9,5,2008,"Y","SBrkr",3140,3,1,4,1,11,485000
9.64413375207121,"Inside","NridgHt","1Fam",10,5,2008,"Y","SBrkr",2402,2,0,2,1,10,555000
9.48592455922983,"Corner","NridgHt","1Fam",9,5,2006,"Y","SBrkr",1652,2,0,2,1,6,325000
9.5631076910839,"Corner","NridgHt","1Fam",8,5,2007,"Y","SBrkr",1600,2,0,3,1,7,256300
9.44967218348692,"Inside","NridgHt","1Fam",8,5,2008,"Y","SBrkr",2042,2,1,3,1,8,253293
9.42141134205612,"Inside","NridgHt","1Fam",9,5,2009,"Y","SBrkr",2690,2,1,3,1,8,398800
9.33326571881348,"Inside","NridgHt","1Fam",9,5,2008,"Y","SBrkr",2184,2,1,3,1,10,335000
9.42141134205612,"Inside","NridgHt","1Fam",9,5,2008,"Y","SBrkr",2020,2,0,3,1,7,404000
9.41082923272559,"Inside","NridgHt","1Fam",10,5,2009,"Y","SBrkr",2020,2,1,3,1,9,402861
9.50881400550616,"Corner","NridgHt","1Fam",10,5,2008,"Y","SBrkr",2296,2,1,3,1,10,451950
9.52464003233223,"Inside","NridgHt","1Fam",10,5,2007,"Y","SBrkr",2674,2,1,2,1,8,610000
9.53899642739739,"Inside","NridgHt","1Fam",9,5,2008,"Y","SBrkr",2822,3,1,4,1,12,582933
9.35686202463895,"Inside","NridgHt","1Fam",9,5,2008,"Y","SBrkr",1736,2,0,3,1,7,360000
9.73329217554001,"FR3","NridgHt","1Fam",8,5,2004,"Y","SBrkr",1782,2,0,3,1,7,296000
10.0563373866303,"CulDSac","NridgHt","1Fam",8,5,2007,"Y","SBrkr",2520,2,1,5,1,10,409900
9.31883596812948,"Inside","NridgHt","1Fam",8,5,2006,"Y","SBrkr",1717,2,0,3,1,7,255500
9.24638296332311,"Inside","NridgHt","1Fam",9,5,2008,"Y","SBrkr",1743,2,0,3,1,8,335000
9.16858043772795,"Inside","NridgHt","1Fam",8,5,2004,"Y","SBrkr",1713,2,0,3,1,7,274900
9.29394595583098,"Inside","NridgHt","1Fam",9,5,2006,"Y","SBrkr",1531,2,0,2,1,6,300000
9.51148146411212,"Corner","NridgHt","1Fam",9,5,2008,"Y","SBrkr",1808,2,0,3,1,7,324000
9.08636319215647,"Inside","NridgHt","1Fam",9,5,2004,"Y","SBrkr",2224,2,1,4,1,10,350000
9.33802973311707,"Inside","NridgHt","1Fam",8,5,2004,"Y","SBrkr",1836,2,0,3,1,7,280000
9.27378454453272,"Inside","NridgHt","1Fam",8,5,2003,"Y","SBrkr",1629,2,0,3,1,7,284000
9.46327570809813,"Corner","NridgHt","1Fam",7,5,2003,"Y","SBrkr",1760,2,0,3,1,8,269500
9.16335358075185,"Inside","NridgHt","1Fam",7,5,2009,"Y","SBrkr",1502,2,0,3,1,7,233170
9.50836873648211,"Inside","NridgHt","1Fam",10,5,2003,"Y","SBrkr",2392,2,0,3,1,8,386250
9.63390731544833,"Corner","NridgHt","1Fam",9,5,2003,"Y","SBrkr",2452,2,0,3,1,10,445000
9.49265808192881,"Inside","NridgHt","1Fam",8,5,2003,"Y","SBrkr",2400,3,1,4,1,10,290000
9.17554186643349,"Inside","NridgHt","1Fam",8,5,2006,"Y","SBrkr",1606,2,0,3,1,6,255900
8.83985623276326,"Inside","NridgHt","TwnhsE",6,5,2005,"Y","SBrkr",1358,2,0,2,1,6,213000
8.59062950948942,"Inside","NridgHt","Twnhs",6,5,2005,"Y","SBrkr",1306,2,0,1,1,5,196000
8.54130026675947,"Inside","NridgHt","Twnhs",6,5,2005,"Y","SBrkr",1306,2,0,1,1,5,184500
9.24057855503679,"Inside","NridgHt","TwnhsE",7,5,2007,"Y","SBrkr",1358,2,0,2,1,6,212500
8.5173931714189,"Inside","NridgHt","Twnhs",7,5,2007,"Y","SBrkr",1314,2,0,2,1,6,230000
9.60481193860948,"Inside","NridgHt","1Fam",10,5,2004,"Y","SBrkr",2492,2,1,2,1,8,552000
9.63312135784958,"Corner","NridgHt","1Fam",8,5,2003,"Y","SBrkr",2200,2,1,3,1,8,382500
8.90788301394225,"Inside","NridgHt","TwnhsE",9,5,2008,"Y","SBrkr",1884,2,0,2,1,6,320000
8.77524045873833,"Inside","NridgHt","TwnhsE",9,5,2008,"Y","SBrkr",1456,2,0,2,1,6,248500
9.72734685481725,"Corner","NridgHt","1Fam",8,5,2002,"Y","SBrkr",1712,2,0,3,1,8,286500
8.73873546136347,"Inside","NridgHt","TwnhsE",8,5,2006,"Y","SBrkr",1324,2,0,2,1,6,254000
8.15478757276852,"Inside","NridgHt","TwnhsE",7,5,2003,"Y","SBrkr",1405,2,0,2,1,6,173000
7.72665366484764,"Inside","NridgHt","Twnhs",7,5,2003,"Y","SBrkr",1626,2,0,2,1,6,173000
9.29908358181057,"Inside","Gilbert","1Fam",7,5,2005,"Y","SBrkr",1456,2,1,3,1,8,184000
9.09582698518742,"Inside","Gilbert","1Fam",6,5,2005,"Y","SBrkr",1490,2,1,3,1,7,167800
9.44057869576626,"Inside","Gilbert","1Fam",6,5,2005,"Y","SBrkr",1484,2,1,3,1,8,174000
9.3852176218809,"Inside","Gilbert","1Fam",6,5,2005,"Y","SBrkr",1560,2,1,3,1,6,174000
8.2117543973752,"Inside","Blmngtn","TwnhsE",7,5,2007,"Y","SBrkr",1555,2,0,2,1,7,174000
8.19836438996762,"Inside","Blmngtn","TwnhsE",7,5,2007,"Y","SBrkr",1569,2,0,1,1,7,175900
8.06526520889773,"Inside","Blmngtn","TwnhsE",7,5,2005,"Y","SBrkr",1555,2,0,2,1,7,192500
8.06526520889773,"Inside","Blmngtn","TwnhsE",7,5,2005,"Y","SBrkr",1504,2,0,1,1,7,181000
8.06526520889773,"Inside","Blmngtn","TwnhsE",7,5,2005,"Y","SBrkr",1220,2,0,2,1,5,180000
8.06526520889773,"Inside","Blmngtn","TwnhsE",7,5,2005,"Y","SBrkr",1145,2,0,2,1,5,160200
8.96123778149188,"Inside","Gilbert","1Fam",7,5,2004,"Y","SBrkr",1432,2,1,3,1,6,188500
8.9956608990741,"Inside","Gilbert","1Fam",6,5,2002,"Y","SBrkr",2267,2,1,4,1,8,200000
9.15207546384421,"Inside","Gilbert","1Fam",7,5,2004,"Y","SBrkr",1374,2,1,3,1,6,170000
8.9851948179913,"Inside","Gilbert","1Fam",7,5,2004,"Y","SBrkr",1630,2,1,3,1,7,189500
8.95544812234739,"Inside","Gilbert","1Fam",8,5,2002,"Y","SBrkr",1419,2,1,3,1,7,184100
9.22276289197474,"Inside","Gilbert","1Fam",7,5,2004,"Y","SBrkr",1594,2,1,3,1,7,195500
9.10108338603923,"Inside","Gilbert","1Fam",7,5,2003,"Y","SBrkr",1489,2,1,3,1,8,192000
9.00871366412422,"Inside","Gilbert","1Fam",7,5,2003,"Y","SBrkr",1342,2,1,3,1,7,178000
8.52971447196991,"Inside","NridgHt","Twnhs",7,5,2007,"Y","SBrkr",1314,2,0,2,1,6,207500
9.08193865717166,"Inside","Gilbert","1Fam",7,5,2000,"Y","SBrkr",2256,2,1,4,1,8,236000
9.4642846724431,"Corner","Gilbert","1Fam",8,5,2002,"Y","SBrkr",2004,2,1,4,1,8,257500
9.4111565114063,"Corner","Gilbert","1Fam",6,5,2000,"Y","SBrkr",2054,2,1,3,1,7,244000
9.1833801903934,"Inside","Gilbert","1Fam",7,5,2004,"Y","SBrkr",1374,2,1,3,1,7,167000
9.00245482305095,"Inside","Gilbert","1Fam",6,5,2000,"Y","SBrkr",1800,2,1,3,1,7,179000
9.03990785957464,"Inside","Gilbert","1Fam",6,5,2000,"Y","SBrkr",1514,2,1,3,1,7,190000
8.95544812234739,"Inside","Gilbert","1Fam",7,5,1999,"Y","SBrkr",1430,2,1,3,1,7,156000
9.67382278423165,"CulDSac","Gilbert","1Fam",7,5,1999,"Y","SBrkr",2312,2,1,4,1,8,245000
10.1138295120131,"CulDSac","Gilbert","1Fam",6,5,1999,"Y","SBrkr",1675,2,1,3,1,7,181000
9.07738024471995,"FR2","Gilbert","1Fam",7,5,1999,"Y","SBrkr",2060,2,1,3,1,8,214000
8.9680140012452,"Inside","Gilbert","1Fam",7,6,1999,"Y","SBrkr",1430,2,1,3,1,7,168000
9.1516513756275,"Inside","NoRidge","1Fam",8,5,1999,"Y","SBrkr",2365,2,1,3,1,8,337000
9.62496341786911,"Inside","NoRidge","1Fam",8,5,1995,"Y","SBrkr",2794,2,1,4,1,9,403000
9.45093083689411,"Inside","NoRidge","1Fam",8,5,2000,"Y","SBrkr",2687,2,1,4,1,10,327000
9.71383922035571,"Inside","NoRidge","1Fam",8,5,1998,"Y","SBrkr",2450,2,1,3,1,7,340000
9.40943710213184,"Corner","NoRidge","1Fam",8,5,1998,"Y","SBrkr",2612,2,1,4,1,8,336000
9.23092700558457,"Inside","NoRidge","1Fam",7,5,1996,"Y","SBrkr",2344,2,1,3,1,7,265000
9.28266103355581,"CulDSac","NoRidge","1Fam",8,5,1994,"Y","SBrkr",2063,2,0,3,1,7,315000
9.20029003612268,"Inside","NoRidge","1Fam",7,5,1993,"Y","SBrkr",2646,2,1,4,1,9,260000
9.11437998083027,"Inside","NoRidge","1Fam",7,5,1995,"Y","SBrkr",2061,2,1,3,1,7,260000
9.36666012623114,"Inside","NoRidge","1Fam",8,5,1993,"Y","SBrkr",2232,2,1,3,1,8,263550
10.749119740747,"CulDSac","NoRidge","1Fam",8,7,1994,"Y","SBrkr",2448,2,1,4,1,8,402000
10.307585059237,"FR2","NoRidge","1Fam",7,6,1994,"Y","SBrkr",1850,2,1,3,1,7,248000
9.17076759685636,"Inside","Somerst","1Fam",8,5,2008,"Y","SBrkr",1468,2,0,3,1,6,244600
9.32313319945131,"Inside","Somerst","1Fam",8,5,2008,"Y","SBrkr",1696,2,0,3,1,7,275000
9.23073106162392,"Inside","Somerst","1Fam",8,5,2008,"Y","SBrkr",1658,2,1,3,1,7,257500
9.1336752870407,"Inside","Somerst","1Fam",8,5,2008,"Y","SBrkr",1578,2,0,3,1,7,287090
9.22325659724273,"Inside","Somerst","1Fam",8,5,2007,"Y","SBrkr",1702,2,0,3,1,7,275500
9.1203062492722,"Inside","Somerst","1Fam",8,5,2006,"Y","SBrkr",1432,2,0,3,1,7,245000
9.17730051789798,"Inside","Somerst","1Fam",7,5,2005,"Y","SBrkr",1971,2,1,3,1,8,253000
9.31721973360328,"Corner","Somerst","1Fam",9,5,2005,"Y","SBrkr",2490,2,0,2,1,9,468000
9.0641578617981,"Inside","Somerst","1Fam",7,5,2009,"Y","SBrkr",1852,2,1,3,1,7,252678
9.10497985631836,"Inside","Somerst","1Fam",8,5,2008,"Y","SBrkr",1590,2,1,3,1,6,210000
8.96979630598181,"Inside","Somerst","1Fam",6,5,2009,"Y","SBrkr",1218,2,0,2,1,4,208300
8.98632143762602,"Inside","Somerst","1Fam",7,5,2008,"Y","SBrkr",1436,2,0,3,1,6,225000
9.0641578617981,"Inside","Somerst","1Fam",8,5,2009,"Y","SBrkr",1314,2,0,3,1,6,229456
9.0641578617981,"Inside","Somerst","1Fam",7,5,2008,"Y","SBrkr",1402,2,0,3,1,7,229800
9.44192817007306,"Inside","Somerst","1Fam",9,5,2007,"Y","SBrkr",1530,2,0,3,1,7,250000
9.12554472027147,"Inside","Somerst","1Fam",9,5,2009,"Y","SBrkr",1766,2,1,2,1,7,370878
8.9226582995244,"Inside","Somerst","1Fam",8,5,2006,"Y","SBrkr",1448,2,0,2,1,6,238500
9.30592324186991,"Inside","Somerst","1Fam",10,5,2008,"Y","SBrkr",2007,2,1,3,1,10,310000
9.2688922589258,"Inside","Somerst","1Fam",8,5,2006,"Y","SBrkr",1795,2,1,3,1,8,270000
9.2661534367954,"Inside","Somerst","1Fam",8,5,2005,"Y","SBrkr",1953,2,1,3,1,9,252000
9.00270100719794,"Inside","Somerst","1Fam",7,5,2006,"Y","SBrkr",1550,2,0,2,1,7,241000
9.00270100719794,"Corner","Somerst","1Fam",8,5,2008,"Y","SBrkr",1836,2,0,3,1,8,264500
9.27096499379262,"Inside","Somerst","1Fam",7,5,2006,"Y","SBrkr",1662,2,0,3,1,8,291000
9.14580185083861,"Inside","Somerst","1Fam",7,5,2003,"Y","SBrkr",2094,2,1,4,1,8,263000
8.9226582995244,"Inside","Somerst","1Fam",7,5,2004,"Y","SBrkr",1221,2,0,2,1,6,185000
9.07520769798469,"Inside","Somerst","1Fam",7,5,2003,"Y","SBrkr",1553,2,0,3,1,6,234500
9.0029471307532,"Inside","Somerst","1Fam",7,5,2003,"Y","SBrkr",1653,2,1,3,1,6,209000
9.17003907520266,"Corner","SawyerW","1Fam",7,6,2007,"Y","SBrkr",1218,1,1,3,1,6,159000
8.9226582995244,"Inside","SawyerW","1Fam",7,5,2006,"Y","SBrkr",1141,1,1,3,1,6,152000
8.9226582995244,"Inside","SawyerW","1Fam",6,5,2004,"Y","SBrkr",1158,1,1,3,1,5,143500
9.2712473068797,"Corner","SawyerW","1Fam",7,5,2004,"Y","SBrkr",1812,2,1,3,1,8,193000
9.224341891612,"Inside","SawyerW","1Fam",8,5,2004,"Y","SBrkr",1512,2,0,3,1,6,203000
9.21860611639321,"Inside","SawyerW","1Fam",7,5,2003,"Y","SBrkr",1200,2,0,2,1,5,184900
9.47822781709978,"Inside","SawyerW","1Fam",7,5,2004,"Y","SBrkr",1114,1,1,3,1,6,159000
9.47822781709978,"Inside","SawyerW","1Fam",5,5,2004,"Y","SBrkr",1114,1,1,3,1,6,142000
9.42947590189285,"Inside","SawyerW","1Fam",5,5,2003,"Y","SBrkr",1114,2,0,3,1,6,153000
8.89945790635397,"Inside","SawyerW","1Fam",7,5,2008,"Y","SBrkr",1450,2,0,2,1,6,224243
9.34940642009918,"CulDSac","SawyerW","1Fam",7,5,1996,"Y","SBrkr",2122,2,1,4,1,8,220000
9.30510494842061,"Corner","SawyerW","1Fam",8,5,2005,"Y","SBrkr",1844,2,0,2,1,7,257000
9.05122740031911,"Inside","SawyerW","1Fam",7,5,2001,"Y","SBrkr",1434,2,0,3,1,6,189000
8.94936514235297,"Inside","SawyerW","1Fam",6,6,1992,"Y","SBrkr",1730,2,1,3,1,6,171500
9.28377669004936,"Corner","SawyerW","TwnhsE",6,6,1980,"Y","SBrkr",1217,1,1,3,1,6,120000
8.87835804062782,"Inside","SawyerW","TwnhsE",6,5,1990,"Y","SBrkr",1332,2,0,2,1,5,145000
9.11701821474481,"Inside","SawyerW","1Fam",7,5,1994,"Y","SBrkr",1540,2,1,3,1,6,184000
9.23737171102721,"CulDSac","SawyerW","1Fam",6,7,1986,"Y","SBrkr",1400,2,1,3,1,6,162000
9.01796847932873,"Inside","SawyerW","Duplex",6,7,1981,"Y","SBrkr",1882,2,0,4,2,8,160000
9.03598698483141,"Inside","SawyerW","1Fam",4,4,1950,"Y","SBrkr",841,1,0,2,1,4,82000
9.10497985631836,"Corner","SawyerW","1Fam",6,3,1928,"N","FuseA",784,1,0,2,1,5,76000
9.18502256399189,"Inside","Sawyer","1Fam",5,5,1962,"Y","SBrkr",980,1,0,3,1,5,110000
8.8627667422838,"Inside","Sawyer","1Fam",5,6,1977,"Y","SBrkr",980,1,0,3,1,6,135000
9.04770378849863,"Corner","Sawyer","1Fam",5,6,1961,"Y","SBrkr",864,1,0,3,1,5,141000
9.11371933337176,"Inside","Sawyer","1Fam",5,5,1961,"Y","SBrkr",864,1,0,2,1,5,122000
9.13948863100423,"Inside","Sawyer","1Fam",5,5,1965,"Y","SBrkr",1020,2,0,3,1,5,124100
8.96072450033086,"Inside","Sawyer","1Fam",5,8,1963,"Y","SBrkr",912,1,0,3,1,6,129000
9.21034037197618,"Corner","Sawyer","1Fam",5,6,1961,"Y","SBrkr",1144,1,0,3,1,6,131400
9.0217190130337,"Inside","Sawyer","1Fam",5,5,1965,"Y","SBrkr",864,1,0,3,1,5,62383
8.87486763568805,"Inside","Sawyer","1Fam",5,6,1962,"Y","SBrkr",912,1,0,3,1,6,123000
9.65988615931952,"Inside","Veenker","1Fam",8,8,1980,"Y","SBrkr",2014,2,0,2,1,6,275000
9.38840287184975,"Inside","NoRidge","1Fam",7,8,1991,"Y","SBrkr",1755,2,1,3,1,7,235000
7.96554557312999,"Inside","Somerst","Twnhs",7,5,2004,"Y","SBrkr",3005,2,1,3,1,9,280750
8.28172399041139,"Corner","Somerst","TwnhsE",6,5,2009,"Y","SBrkr",1224,2,1,2,1,4,164500
8.00636756765025,"Inside","Somerst","TwnhsE",6,5,2009,"Y","SBrkr",1224,2,1,2,1,4,173733
8.25062008217469,"Inside","Somerst","TwnhsE",6,5,2008,"Y","SBrkr",1726,2,1,2,1,6,222000
8.34687925374656,"Inside","Somerst","TwnhsE",6,5,2008,"Y","SBrkr",1256,1,1,1,1,5,195000
8.0802374162167,"Inside","Somerst","TwnhsE",6,5,1999,"Y","SBrkr",1471,2,1,3,1,6,172500
8.00570067866254,"Inside","Somerst","TwnhsE",6,5,2000,"Y","SBrkr",1512,2,1,2,1,4,180000
8.23429963569625,"FR2","Somerst","TwnhsE",7,5,1999,"Y","SBrkr",1452,2,1,3,1,6,156000
7.8804263442924,"Inside","Somerst","Twnhs",8,5,1999,"Y","SBrkr",1739,2,1,3,1,7,172500
9.59519452618022,"Inside","Veenker","1Fam",8,9,1977,"Y","SBrkr",1694,2,0,2,1,5,318750
8.2380082492184,"CulDSac","Greens","TwnhsE",8,5,1981,"Y","SBrkr",1226,1,0,1,1,4,211500
9.64322607566034,"Inside","Veenker","1Fam",7,5,1981,"Y","SBrkr",1740,1,1,2,1,7,241600
9.16951837745593,"FR2","Veenker","1Fam",8,5,1976,"Y","SBrkr",2499,2,1,4,1,5,180500
9.20943996673302,"Corner","Sawyer","1Fam",4,4,1976,"Y","SBrkr",1620,2,0,3,1,8,150000
9.36734412078585,"Inside","NWAmes","1Fam",6,6,1968,"Y","SBrkr",1556,1,1,4,1,8,154000
9.36879605766816,"Inside","NWAmes","1Fam",6,6,1970,"Y","SBrkr",1442,2,0,2,1,6,185000
9.12216468107246,"Inside","NWAmes","1Fam",6,7,1968,"Y","SBrkr",1489,2,0,3,1,7,185750
9.24782881638717,"Corner","NWAmes","1Fam",7,6,1973,"Y","SBrkr",2090,2,1,3,1,7,200000
9.45187378840198,"CulDSac","NWAmes","1Fam",7,6,1974,"Y","SBrkr",2067,2,1,3,1,7,206000
9.46776940125694,"CulDSac","NWAmes","1Fam",6,6,1972,"Y","SBrkr",1395,1,1,3,1,6,162000
9.24956108512946,"Inside","NWAmes","1Fam",6,7,1967,"Y","SBrkr",2640,2,1,5,1,8,256900
9.7909345662968,"CulDSac","NWAmes","1Fam",6,5,1967,"Y","SBrkr",1724,1,1,3,1,7,197900
9.16951837745593,"Inside","NWAmes","1Fam",5,5,1969,"Y","SBrkr",1336,2,0,3,1,6,163000
9.10497985631836,"Inside","NWAmes","1Fam",6,5,1969,"Y","SBrkr",1216,1,0,3,1,5,113000
9.53053803610464,"Inside","NWAmes","1Fam",7,7,1977,"Y","SBrkr",2288,1,2,4,1,8,230000
9.17471319433303,"Inside","NWAmes","1Fam",6,5,1977,"Y","SBrkr",1334,2,0,2,1,6,167900
9.22424327714517,"Inside","NWAmes","1Fam",7,5,1998,"Y","SBrkr",1680,2,0,3,1,7,213250
9.03598698483141,"Inside","NWAmes","1Fam",8,6,2001,"Y","SBrkr",1665,2,1,3,1,6,227000
8.87206651340834,"Inside","NAmes","1Fam",5,6,1967,"Y","SBrkr",864,1,0,2,1,5,130000
9.16951837745593,"Inside","NAmes","1Fam",5,5,1967,"Y","SBrkr",1568,1,1,3,1,7,143000
9.11602969250494,"Inside","NAmes","1Fam",5,6,1965,"Y","SBrkr",925,1,0,2,1,5,117500
9.16951837745593,"Inside","NWAmes","1Fam",7,5,1974,"Y","SBrkr",2061,2,1,4,1,8,168500
9.71111565988867,"Inside","NWAmes","1Fam",6,5,1971,"Y","SBrkr",1320,2,0,3,1,5,172500
9.18911673552456,"Inside","NWAmes","1Fam",6,5,1967,"Y","SBrkr",1342,2,0,3,1,7,161500
8.91408834884133,"Inside","NAmes","1Fam",4,7,1960,"Y","SBrkr",894,1,0,2,1,5,141500
9.00270100719794,"Inside","NAmes","1Fam",5,7,1959,"Y","SBrkr",864,1,0,3,1,5,118000
9.11602969250494,"Inside","NAmes","1Fam",6,6,1959,"Y","SBrkr",864,1,0,2,1,5,127500
9.15377002048779,"Corner","NAmes","1Fam",4,5,1957,"Y","SBrkr",1362,1,0,3,1,6,140000
9.5100745254521,"Corner","NAmes","1Fam",5,6,1956,"Y","SBrkr",1728,2,0,3,1,7,177625
9.34792603492875,"Corner","NAmes","Duplex",5,5,1958,"Y","SBrkr",1776,2,0,4,2,9,110000
9.21074029199751,"Inside","NAmes","1Fam",6,6,1964,"Y","SBrkr",1516,1,1,3,1,6,167000
9.14313162228273,"Inside","NAmes","1Fam",5,6,1961,"Y","SBrkr",1313,1,1,3,1,6,153000
9.25913053614561,"Inside","NAmes","1Fam",5,5,1964,"Y","SBrkr",1292,1,1,3,1,6,145100
9.30565055178051,"CulDSac","NAmes","1Fam",5,6,1966,"Y","SBrkr",1154,1,1,3,1,6,154000
9.10164095505284,"Corner","NAmes","1Fam",5,6,1965,"Y","SBrkr",2140,2,1,4,1,7,177500
9.40054742304413,"Corner","NAmes","1Fam",6,6,1964,"Y","SBrkr",1445,1,1,3,1,7,158000
9.16951837745593,"Corner","NAmes","1Fam",5,6,1959,"Y","SBrkr",1041,1,0,3,1,6,124500
9.34792603492875,"Corner","NAmes","1Fam",6,6,1961,"Y","SBrkr",1576,1,0,4,1,7,174500
9.18686701579054,"Inside","NAmes","1Fam",5,5,1955,"Y","SBrkr",960,1,0,2,1,5,122000
8.58110651715989,"Inside","BrkSide","1Fam",4,7,1940,"Y","SBrkr",708,1,0,2,1,5,82500
8.85580599253656,"Corner","BrkSide","1Fam",5,4,1950,"Y","SBrkr",1203,1,0,3,1,5,110000
9.40590715552016,"Inside","NAmes","1Fam",6,4,1953,"Y","SBrkr",1505,1,0,2,1,6,149500
9.20029003612268,"Inside","NAmes","1Fam",6,5,1967,"Y","SBrkr",1691,1,0,2,1,5,175000
9.16951837745593,"Inside","NAmes","1Fam",6,5,1953,"Y","SBrkr",1644,1,0,3,1,7,167000
9.16951837745593,"Inside","NAmes","1Fam",5,6,1956,"Y","SBrkr",1050,1,0,2,1,5,128900
9.16951837745593,"Inside","NAmes","1Fam",6,8,1950,"Y","SBrkr",1668,1,1,3,1,6,140000
9.16951837745593,"Inside","NAmes","1Fam",5,7,1950,"Y","SBrkr",1113,1,0,3,1,5,147000
9.09873819539488,"Inside","NAmes","Duplex",5,5,1967,"Y","SBrkr",1584,2,0,4,2,8,124000
9.26605886073253,"Corner","NAmes","1Fam",6,6,1961,"Y","SBrkr",1453,2,0,3,1,6,187500
9.15904707758863,"Inside","NAmes","1Fam",6,5,1963,"Y","SBrkr",1394,1,1,3,1,6,159000
9.59526257885302,"Inside","NAmes","1Fam",6,8,1966,"Y","SBrkr",1567,2,0,2,1,5,256000
9.51782507172414,"Inside","NAmes","1Fam",7,6,1965,"Y","SBrkr",1986,2,1,3,1,7,205000
9.47270463644367,"Corner","NAmes","1Fam",6,6,1968,"Y","SBrkr",2142,2,1,4,1,8,193500
9.51487956149439,"Corner","NAmes","1Fam",6,3,1968,"Y","SBrkr",1392,1,0,2,1,5,110000
9.43452338286506,"FR2","NAmes","1Fam",4,4,1920,"Y","SBrkr",1738,2,0,4,1,7,104900
9.07795118393044,"Inside","NAmes","1Fam",5,7,1956,"Y","SBrkr",1144,1,0,3,1,6,150000
9.03598698483141,"Inside","NAmes","1Fam",6,3,1957,"Y","SBrkr",1478,1,1,3,1,6,156500
9.41613428495528,"Inside","NAmes","1Fam",7,6,1960,"Y","SBrkr",1329,1,1,3,1,5,176000
9.13129716463573,"Inside","NAmes","1Fam",6,8,1959,"Y","SBrkr",988,2,0,3,1,6,149500
9.16951837745593,"Inside","NAmes","1Fam",6,6,1958,"Y","SBrkr",1632,2,0,3,1,6,139000
9.42545175159313,"Inside","NAmes","1Fam",6,7,1958,"Y","FuseA",1215,1,0,3,1,6,155000
9.07680897935166,"Inside","NAmes","1Fam",5,5,1956,"Y","SBrkr",1202,1,0,3,1,6,120000
9.07680897935166,"Inside","NAmes","1Fam",5,5,1955,"Y","FuseA",1382,1,0,3,1,6,153000
9.24956108512946,"Corner","NAmes","1Fam",4,5,1956,"Y","SBrkr",1200,1,0,3,1,6,144000
9.86765309952691,"Corner","NAmes","1Fam",6,5,1962,"Y","SBrkr",1382,1,0,3,1,6,176000
9.05157907959124,"Inside","NAmes","1Fam",5,6,1954,"Y","SBrkr",1297,1,0,3,1,5,153000
9.15715054346206,"Inside","NAmes","Duplex",5,4,1958,"Y","SBrkr",1866,2,0,4,2,8,135000
9.00307016981826,"CulDSac","NAmes","1Fam",6,7,1954,"Y","SBrkr",1062,1,0,3,1,6,131000
9.27181169406428,"Inside","NAmes","1Fam",5,6,1953,"Y","SBrkr",1319,1,0,3,1,5,123000
9.47807480661827,"Corner","NAmes","1Fam",5,5,1951,"Y","FuseA",1112,1,0,2,1,5,126000
9.25282498358234,"Inside","NAmes","1Fam",4,5,1955,"Y","SBrkr",1005,1,0,2,1,5,115000
9.58596463807333,"Inside","NAmes","1Fam",5,7,1951,"Y","SBrkr",1363,1,0,2,1,6,164900
9.04546572878595,"Corner","NAmes","1Fam",5,6,1945,"Y","SBrkr",793,1,0,2,1,4,113000
8.93931874041751,"Inside","NAmes","1Fam",5,8,1952,"Y","SBrkr",1031,1,0,2,1,5,145500
9.16251474249358,"Inside","NAmes","1Fam",5,5,1953,"Y","FuseA",1210,1,1,2,1,7,102900
9.27002337413736,"Corner","OldTown","2fmCon",3,5,1900,"Y","SBrkr",1699,2,0,3,2,7,95000
9.34303391370165,"Corner","NAmes","1Fam",7,7,1948,"Y","FuseA",1527,1,1,3,1,6,152500
9.16951837745593,"Inside","NAmes","1Fam",5,6,1950,"Y","SBrkr",1200,1,0,3,1,6,129900
8.98719682066197,"Inside","NAmes","1Fam",6,6,1948,"Y","SBrkr",972,1,0,2,1,5,132000
8.60703389541603,"Inside","OldTown","1Fam",3,5,1958,"Y","FuseA",792,1,0,2,1,4,99900
9.25052216160901,"Inside","OldTown","1Fam",5,7,1916,"Y","SBrkr",1656,2,1,3,1,8,135000
9.28730141311231,"Inside","OldTown","1Fam",5,7,1939,"Y","SBrkr",1352,2,0,4,1,7,149000
9.00528228820836,"Corner","OldTown","1Fam",4,8,1900,"Y","SBrkr",1039,1,0,2,1,6,114000
9.10742131796834,"Inside","OldTown","1Fam",5,8,1924,"Y","SBrkr",792,1,0,2,1,5,109500
9.23307985894567,"Inside","OldTown","1Fam",5,7,1925,"Y","SBrkr",1078,1,0,3,1,6,125000
9.25052216160901,"Inside","OldTown","1Fam",4,5,1915,"Y","SBrkr",2377,2,0,3,1,8,142900
8.88183630500415,"Corner","OldTown","1Fam",7,9,1910,"Y","SBrkr",1690,2,0,4,1,5,156500
8.59415423255237,"Inside","OldTown","1Fam",2,5,1940,"N","FuseA",599,1,0,2,1,4,59000
8.59415423255237,"Corner","OldTown","1Fam",4,6,1920,"Y","SBrkr",1374,1,0,2,1,6,105000
9.28730141311231,"Inside","OldTown","1Fam",5,7,1920,"N","SBrkr",846,1,0,2,1,4,106000
9.28730141311231,"Corner","OldTown","1Fam",3,5,1890,"Y","FuseA",725,1,1,1,1,4,78500
9.17688699571696,"Corner","NAmes","Duplex",6,5,1969,"Y","SBrkr",2544,2,2,6,2,12,190000
9.22453909137599,"Inside","NAmes","1Fam",6,7,1963,"Y","SBrkr",1380,1,1,3,1,6,154000
9.35010231435134,"Inside","NAmes","1Fam",6,4,1967,"Y","SBrkr",1040,1,0,3,1,6,163000
9.36246042003702,"Inside","NAmes","Duplex",5,5,1969,"Y","SBrkr",2634,2,2,6,2,12,200000
8.9884460400624,"Inside","NAmes","1Fam",6,9,1958,"Y","SBrkr",951,1,0,2,1,6,143500
9.25473995927287,"Corner","NAmes","1Fam",6,6,1957,"Y","FuseA",1105,1,0,3,1,5,135000
9.0724566646128,"Inside","NAmes","1Fam",5,7,1957,"Y","SBrkr",1306,1,0,2,1,5,153000
9.77565418102624,"Inside","NAmes","1Fam",6,5,1960,"Y","FuseA",1478,2,0,3,1,6,157500
9.10497985631836,"Inside","NAmes","1Fam",6,6,1958,"Y","SBrkr",1142,1,0,2,1,5,113500
9.40459049963541,"Inside","NAmes","1Fam",5,7,1949,"Y","SBrkr",1268,1,0,3,1,6,133000
9.05298456119998,"Corner","NAmes","Duplex",3,4,1950,"N","FuseA",1040,2,0,2,2,6,92900
8.99516499031115,"Inside","NAmes","1Fam",6,5,1950,"N","SBrkr",1133,1,0,3,1,5,128500
8.88183630500415,"Inside","NAmes","Duplex",4,5,1949,"N","FuseF",1040,2,0,2,2,6,90000
8.88183630500415,"Inside","NAmes","1Fam",5,4,1950,"Y","FuseA",1904,1,1,3,1,7,138000
8.90245559220688,"Inside","NAmes","1Fam",5,6,1958,"Y","SBrkr",1041,1,0,3,1,6,128000
8.93062646917358,"Inside","NAmes","1Fam",5,6,1958,"Y","SBrkr",1339,1,0,3,1,6,139000
8.88183630500415,"Corner","NAmes","1Fam",5,7,1952,"Y","SBrkr",732,1,0,2,1,4,118900
8.98719682066197,"Inside","NAmes","1Fam",5,5,1959,"Y","SBrkr",1183,1,0,3,1,6,138000
8.97853441008332,"Inside","NAmes","1Fam",5,5,1959,"Y","SBrkr",1148,1,0,3,1,6,132500
9.28730141311231,"Inside","NAmes","1Fam",4,7,1949,"Y","FuseF",1461,2,0,4,1,6,133500
8.99516499031115,"Corner","NAmes","1Fam",6,7,1948,"Y","SBrkr",1495,1,0,3,1,6,135000
8.9319483464315,"Corner","NAmes","1Fam",6,5,1964,"Y","SBrkr",1806,1,1,4,1,8,144750
9.05998249038762,"Inside","NAmes","Duplex",5,7,1978,"Y","SBrkr",941,1,0,2,1,4,145000
8.97916464896471,"Inside","NAmes","1Fam",6,6,1963,"Y","SBrkr",1045,1,0,3,1,6,127000
8.79482492801452,"Inside","NAmes","1Fam",5,5,1962,"N","SBrkr",894,1,0,2,1,5,109500
8.28147085789517,"Inside","OldTown","1Fam",6,8,1926,"Y","SBrkr",1224,1,0,3,1,5,115000
9.25339986143663,"Corner","OldTown","1Fam",5,6,1910,"Y","SBrkr",1230,1,1,2,1,5,110000
8.31385226739821,"Inside","OldTown","1Fam",6,8,1935,"Y","SBrkr",1378,1,0,3,1,6,128900
9.24057855503679,"Inside","OldTown","Duplex",6,5,1910,"N","FuseA",1944,2,0,4,2,12,103500
8.65172408437384,"Inside","OldTown","1Fam",5,6,1941,"Y","SBrkr",1131,1,1,3,1,5,66500
9.65886496954479,"Inside","OldTown","1Fam",5,8,1910,"Y","SBrkr",1306,1,1,3,1,6,130000
9.20029003612268,"Corner","OldTown","1Fam",5,8,1910,"Y","SBrkr",1464,2,0,3,1,7,129000
8.7649903301691,"Inside","OldTown","1Fam",5,6,1939,"Y","FuseA",1558,1,1,3,1,7,150000
8.79482492801452,"Corner","OldTown","1Fam",5,4,1892,"N","SBrkr",2372,2,0,4,2,11,107500
8.93944986216424,"Corner","OldTown","2fmCon",4,6,1920,"N","SBrkr",1701,2,0,4,2,8,94550
8.93537707193218,"Inside","OldTown","Duplex",5,5,1952,"Y","SBrkr",1960,2,0,4,2,10,124500
8.12503909736775,"Inside","OldTown","1Fam",7,8,1946,"Y","SBrkr",1389,1,1,3,1,6,135000
9.22365138603585,"Inside","OldTown","1Fam",5,5,1910,"N","SBrkr",1447,1,0,3,1,6,103000
8.69951474821019,"Inside","OldTown","2fmCon",4,4,1953,"N","SBrkr",936,1,0,2,1,4,93000
8.69951474821019,"Inside","OldTown","1Fam",5,7,1950,"Y","FuseA",1328,1,1,3,1,6,129500
8.69951474821019,"Inside","OldTown","2fmCon",5,4,1954,"Y","FuseA",1387,2,0,3,2,7,93000
8.90977567369339,"Corner","OldTown","1Fam",4,6,1920,"Y","SBrkr",861,1,0,2,1,5,80000
8.68693596600333,"Corner","OldTown","1Fam",2,4,1940,"N","FuseA",612,1,0,1,1,4,45000
8.68693596600333,"Inside","OldTown","1Fam",3,6,1910,"N","SBrkr",968,1,0,2,1,6,37900
8.6628507638386,"Inside","OldTown","1Fam",5,8,1938,"Y","FuseA",886,1,0,2,1,4,91300
9.05017161982336,"Inside","OldTown","1Fam",5,8,1923,"Y","SBrkr",792,1,0,2,1,5,99500
8.40200678160712,"Inside","OldTown","2fmCon",4,5,1920,"Y","SBrkr",1452,2,0,2,3,8,113000
9.16951837745593,"Inside","OldTown","1Fam",4,4,1910,"Y","SBrkr",1510,2,0,3,1,7,87500
8.1605182474775,"Inside","OldTown","1Fam",5,7,1947,"Y","SBrkr",1284,1,1,2,1,5,110000
8.99961934066053,"Corner","OldTown","1Fam",5,5,1898,"N","FuseA",2138,2,0,2,3,11,106000
9.36734412078585,"Corner","OldTown","1Fam",7,7,1880,"N","SBrkr",2640,1,1,4,1,8,265979
9.03598698483141,"Corner","OldTown","1Fam",6,7,1900,"Y","FuseA",2007,2,0,3,1,8,160000
8.1886891244442,"Inside","OldTown","1Fam",6,7,1917,"Y","SBrkr",1288,1,0,3,1,5,119000
9.77968015680806,"Corner","OldTown","1Fam",8,9,1882,"Y","SBrkr",1742,1,1,4,1,8,168000
8.10167774745457,"Inside","OldTown","1Fam",4,3,1910,"Y","SBrkr",816,1,0,2,1,5,58500
9.10497985631836,"Inside","OldTown","1Fam",7,9,1920,"Y","SBrkr",1482,1,0,3,1,7,143000
8.88183630500415,"Inside","OldTown","1Fam",5,4,1910,"N","SBrkr",1022,1,0,2,1,4,85000
9.08477714900084,"Corner","OldTown","1Fam",5,6,1890,"Y","SBrkr",1869,1,0,2,1,7,124900
8.59415423255237,"Inside","OldTown","1Fam",6,6,1920,"Y","SBrkr",1480,1,0,3,1,6,119000
9.18194089745448,"Inside","OldTown","1Fam",6,7,1910,"Y","SBrkr",1521,1,0,4,1,8,146500
8.97195627124569,"Inside","IDOTRR","1Fam",4,5,1920,"N","FuseA",720,1,0,2,1,4,34900
9.14761354206788,"Corner","IDOTRR","1Fam",3,3,1900,"N","SBrkr",797,1,0,2,1,5,44000
9.97039825781875,"Inside","BrkSide","1Fam",5,6,1923,"Y","SBrkr",1576,1,1,3,1,6,223500
8.79709507654906,"Inside","BrkSide","1Fam",6,6,1923,"N","FuseA",1432,1,0,3,1,6,149000
8.89068592028113,"Inside","BrkSide","1Fam",7,7,1925,"N","SBrkr",1548,2,1,3,1,5,205000
8.50916101971897,"Inside","BrkSide","1Fam",5,7,1930,"Y","SBrkr",1654,2,0,3,1,7,137000
9.08862461329209,"Inside","BrkSide","1Fam",6,6,1916,"N","FuseF",952,1,0,2,1,4,121000
8.69951474821019,"Inside","BrkSide","1Fam",4,6,1936,"Y","SBrkr",1324,1,0,3,1,6,128000
8.69951474821019,"Inside","BrkSide","1Fam",6,9,1937,"Y","SBrkr",1176,1,0,2,1,4,134900
8.69951474821019,"Corner","BrkSide","1Fam",5,8,1925,"Y","SBrkr",1348,1,0,3,1,5,117000
8.69951474821019,"Inside","BrkSide","1Fam",6,6,1939,"Y","FuseF",1412,1,0,4,1,6,132500
8.69951474821019,"Corner","BrkSide","1Fam",5,5,1924,"Y","SBrkr",1142,1,0,3,1,6,93000
8.69951474821019,"Inside","BrkSide","1Fam",6,7,1926,"Y","SBrkr",904,1,0,2,1,4,119000
8.8408696240914,"FR2","BrkSide","1Fam",5,5,1924,"Y","SBrkr",1301,1,0,2,1,5,100000
8.71931737550637,"Corner","BrkSide","1Fam",5,6,1936,"Y","SBrkr",1539,1,1,3,1,5,141500
8.71931737550637,"Inside","BrkSide","1Fam",4,7,1935,"Y","SBrkr",1573,1,0,3,1,6,133000
8.71931737550637,"Inside","BrkSide","1Fam",2,3,1936,"N","FuseA",800,1,0,1,1,4,60000
8.71931737550637,"Corner","BrkSide","1Fam",5,7,1931,"Y","FuseA",875,1,0,2,1,5,105000
8.71931737550637,"Inside","BrkSide","1Fam",5,6,1925,"Y","SBrkr",995,1,0,2,1,5,115000
8.71931737550637,"Inside","BrkSide","1Fam",5,6,1938,"Y","FuseA",1582,2,0,3,1,6,150000
9.06357899058078,"Inside","BrkSide","1Fam",5,5,1925,"Y","SBrkr",1072,1,0,2,1,5,126500
9.38328476695754,"Inside","BrkSide","1Fam",6,6,1916,"N","FuseA",2134,2,0,5,1,10,214500
9.34259595109665,"Corner","BrkSide","1Fam",7,8,1910,"N","SBrkr",2019,1,0,3,1,8,167500
8.99887832543581,"Inside","OldTown","1Fam",6,6,1915,"Y","FuseA",1768,2,0,3,1,8,155000
7.82404601085629,"Corner","OldTown","1Fam",7,8,1915,"Y","SBrkr",1826,1,1,4,1,7,155000
9.20311432688444,"Inside","OldTown","1Fam",7,8,1915,"Y","SBrkr",1944,2,0,3,1,8,179900
8.61613313927114,"Corner","OldTown","1Fam",6,6,1912,"Y","SBrkr",2229,1,0,5,1,8,104000
8.00636756765025,"Inside","OldTown","Duplex",5,1,1922,"N","SBrkr",2128,2,0,4,2,11,62500
8.83579236650274,"Inside","IDOTRR","1Fam",6,5,1927,"Y","SBrkr",1930,2,0,4,1,8,149000
8.73873546136347,"Inside","IDOTRR","1Fam",4,5,1925,"Y","FuseA",1208,1,0,2,1,5,103000
8.66129353538999,"Corner","OldTown","1Fam",6,7,1915,"Y","SBrkr",1427,1,0,3,1,7,123000
8.67453876214002,"Corner","OldTown","2fmCon",7,5,1902,"N","FuseF",1864,2,1,6,1,9,97500
8.54869185847561,"Corner","IDOTRR","1Fam",6,6,1927,"Y","FuseA",1666,1,0,3,1,4,135000
8.54869185847561,"Inside","IDOTRR","1Fam",4,6,1923,"Y","SBrkr",892,1,0,1,1,5,70000
9.24183903903555,"Inside","IDOTRR","2fmCon",6,7,1915,"Y","FuseF",1403,1,1,3,1,7,116000
8.36170828857584,"Inside","Sawyer","1Fam",4,9,1946,"Y","FuseA",704,1,0,2,1,4,88750
9.28730141311231,"Inside","Edwards","Duplex",5,5,1987,"Y","SBrkr",1200,3,0,3,1,5,179000
9.28730141311231,"Inside","Edwards","Duplex",5,5,1987,"Y","SBrkr",1200,3,0,3,1,5,179000
9.26359673827661,"Inside","Edwards","Duplex",5,5,1978,"Y","SBrkr",1152,2,0,2,2,6,159900
9.21233837463886,"Inside","Edwards","1Fam",1,1,1922,"N","FuseA",904,0,1,1,1,4,61000
8.79920924224139,"Inside","Edwards","1Fam",6,6,1925,"N","SBrkr",1369,2,0,3,1,6,103600
9.18809476302886,"Inside","Edwards","1Fam",5,3,1934,"N","FuseA",1112,2,0,4,1,6,63000
9.46389672969859,"Inside","Sawyer","1Fam",5,6,1963,"Y","SBrkr",1464,2,0,3,1,6,175000
9.0843235313927,"Corner","Sawyer","1Fam",5,6,1963,"Y","SBrkr",1121,1,0,3,1,5,139000
9.32223946447359,"Inside","Sawyer","1Fam",6,5,1978,"Y","SBrkr",1683,2,1,3,1,7,172500
9.36091323045556,"Inside","Sawyer","1Fam",5,6,1967,"Y","SBrkr",1052,1,1,3,1,6,113500
8.96187901267768,"Inside","Sawyer","1Fam",5,7,1967,"Y","SBrkr",899,1,0,3,1,5,130000
8.98894529119609,"CulDSac","Sawyer","1Fam",6,5,1978,"Y","SBrkr",1034,1,0,3,1,5,149900
8.88903257187474,"CulDSac","Sawyer","1Fam",5,5,1982,"Y","SBrkr",858,1,0,2,1,5,134900
9.07566546864958,"Inside","Sawyer","1Fam",5,6,1982,"Y","SBrkr",860,1,0,2,1,4,137000
9.36013873706458,"Inside","Sawyer","1Fam",5,5,1962,"Y","SBrkr",1092,1,0,3,1,6,139000
9.64212278840172,"Inside","Sawyer","1Fam",5,5,1961,"Y","SBrkr",1774,2,0,4,1,8,165000
9.63639211369274,"Inside","Sawyer","1Fam",6,5,1960,"Y","SBrkr",1138,1,0,3,1,6,148000
9.65400002588232,"Inside","ClearCr","1Fam",5,5,1956,"Y","SBrkr",2071,1,1,4,1,9,165000
9.10497985631836,"Corner","Sawyer","1Fam",2,2,1947,"N","SBrkr",660,1,0,2,1,5,63900
9.32812340763257,"Inside","ClearCr","1Fam",4,5,1957,"Y","FuseA",1788,1,0,5,1,8,161500
10.130423902089,"Inside","ClearCr","1Fam",5,8,1968,"Y","SBrkr",1473,1,0,1,1,5,143000
9.74917019215177,"Inside","Edwards","1Fam",4,6,1956,"Y","FuseA",1229,1,0,3,1,6,135000
9.42076335888101,"Inside","Edwards","1Fam",4,5,1940,"Y","SBrkr",861,1,0,1,1,4,82500
9.27874640464024,"Inside","ClearCr","1Fam",5,5,1955,"Y","FuseA",1867,1,0,2,1,7,190000
9.52369019117654,"CulDSac","Edwards","1Fam",3,5,1955,"Y","FuseA",1733,2,0,4,1,8,139600
9.65726726989194,"CulDSac","Edwards","1Fam",4,5,1954,"Y","SBrkr",1383,1,0,2,1,6,122000
9.19573421958682,"Corner","Edwards","1Fam",6,5,1956,"Y","SBrkr",1689,1,0,3,1,7,127500
9.16649297219591,"Inside","Edwards","1Fam",5,5,1956,"Y","FuseA",1073,1,0,2,1,5,121500
9.16649297219591,"Inside","Edwards","1Fam",5,3,1958,"Y","FuseA",1276,1,0,3,1,5,60000
9.14313162228273,"Inside","Edwards","1Fam",6,7,1946,"Y","SBrkr",1639,1,1,3,1,6,154400
9.14206153122289,"Inside","Edwards","1Fam",4,6,1941,"Y","SBrkr",672,1,0,2,1,4,113000
8.91462612782714,"Inside","Edwards","1Fam",5,6,1954,"Y","SBrkr",1089,1,0,3,1,5,125000
9.35010231435134,"CulDSac","Edwards","1Fam",4,3,1957,"N","SBrkr",845,1,0,3,1,5,84000
8.35113860708615,"Inside","Edwards","TwnhsE",5,5,1984,"Y","SBrkr",1049,2,0,2,1,5,139500
9.34215779659637,"Inside","Edwards","1Fam",5,4,1949,"Y","SBrkr",1716,1,1,3,1,8,131000
9.11162439903702,"Inside","Edwards","1Fam",6,5,1939,"Y","SBrkr",1258,1,0,2,1,6,105000
9.11426990322545,"Inside","Edwards","1Fam",4,5,1940,"Y","SBrkr",1510,1,0,4,1,7,108000
9.28526229849344,"Inside","SawyerW","1Fam",7,6,1990,"Y","SBrkr",1061,1,1,1,1,4,162000
9.86552604624901,"Inside","SawyerW","1Fam",6,5,1983,"Y","SBrkr",1338,1,1,2,1,5,156500
9.41954725755152,"Inside","SawyerW","1Fam",8,8,1983,"Y","SBrkr",2132,1,1,1,1,5,316600
9.59451374461672,"CulDSac","SawyerW","1Fam",7,7,1990,"Y","SBrkr",2196,2,0,3,1,7,271900
9.13959596745043,"Inside","SawyerW","1Fam",7,5,1993,"Y","SBrkr",1775,2,1,3,1,7,213000
9.26482855726025,"Corner","SawyerW","1Fam",7,5,1993,"Y","SBrkr",1879,2,1,3,1,8,239900
9.19299073364107,"Inside","SawyerW","1Fam",8,5,1995,"Y","SBrkr",2020,2,1,3,1,8,239500
10.1811192891344,"FR2","SawyerW","1Fam",5,7,1880,"Y","SBrkr",2016,1,0,4,1,7,131000
8.85623355614316,"Inside","SawyerW","Duplex",5,5,1979,"Y","SBrkr",1535,2,0,4,2,8,118964
8.85623355614316,"Inside","SawyerW","Duplex",5,5,1979,"Y","SBrkr",1224,0,2,2,2,6,153337
8.85623355614316,"Inside","SawyerW","Duplex",5,5,1979,"Y","SBrkr",2228,2,0,6,2,8,147983
8.85623355614316,"Inside","SawyerW","Duplex",5,5,1979,"Y","SBrkr",1535,2,0,4,2,8,118858
8.85623355614316,"Inside","SawyerW","Duplex",5,5,1979,"Y","SBrkr",1535,2,0,4,2,8,118858
8.85623355614316,"Inside","SawyerW","Duplex",5,5,1979,"Y","SBrkr",2240,2,0,6,2,12,142953
8.85936344915209,"Inside","SawyerW","Duplex",5,5,1979,"Y","SBrkr",1229,0,2,2,2,6,148325
8.85466492837053,"Inside","SawyerW","Duplex",5,5,1979,"Y","SBrkr",1513,2,0,4,2,8,113722
9.38050499849951,"Inside","SawyerW","Duplex",7,5,2000,"Y","SBrkr",2787,4,2,6,2,8,269500
8.97954260172511,"Inside","SawyerW","Duplex",7,5,2000,"Y","SBrkr",2787,4,2,6,2,8,269500
8.98419231164167,"Inside","SawyerW","Duplex",7,5,2000,"Y","SBrkr",2787,4,2,6,2,8,269500
9.29954101743449,"Inside","CollgCr","1Fam",9,5,2009,"Y","SBrkr",1680,1,1,1,1,8,323262
9.27209376825166,"Inside","CollgCr","1Fam",8,5,2007,"Y","SBrkr",1718,2,0,3,1,7,297000
9.23268877563994,"Inside","CollgCr","1Fam",8,5,2008,"Y","SBrkr",1630,2,0,3,1,8,295493
9.28878179828274,"Inside","CollgCr","1Fam",9,5,2008,"Y","SBrkr",1720,2,0,3,1,8,332000
9.12456459495478,"Inside","CollgCr","1Fam",8,5,2008,"Y","SBrkr",1468,2,0,3,1,6,239900
9.28442691532888,"Inside","CollgCr","1Fam",8,5,2007,"Y","SBrkr",1768,2,1,3,1,7,212000
9.34329659922481,"Inside","CollgCr","1Fam",8,5,2007,"Y","SBrkr",1838,2,0,3,1,7,272500
9.38622458680613,"Corner","CollgCr","1Fam",9,5,2007,"Y","SBrkr",1800,2,0,2,1,7,239000
9.08409664540193,"Inside","CollgCr","1Fam",7,5,2006,"Y","SBrkr",1604,2,1,3,1,8,220000
8.81907398326783,"Inside","CollgCr","1Fam",7,5,2007,"Y","SBrkr",1290,2,0,2,1,6,200000
9.24222656083851,"Corner","CollgCr","1Fam",8,5,2008,"Y","SBrkr",1254,2,0,2,1,5,221800
8.89754559870933,"Inside","CollgCr","1Fam",7,5,2007,"Y","SBrkr",1232,2,0,2,1,6,194500
9.36263218231844,"Inside","CollgCr","1Fam",8,5,2005,"Y","SBrkr",1498,2,0,3,1,7,237000
9.36271805239707,"Inside","CollgCr","1Fam",6,5,2005,"Y","SBrkr",1422,2,1,3,1,7,173000
9.45720044990771,"Inside","SawyerW","1Fam",7,5,1989,"Y","SBrkr",1644,2,0,2,1,5,275000
9.72304423075395,"CulDSac","ClearCr","1Fam",7,5,1992,"Y","SBrkr",1759,2,1,3,1,7,233500
10.2645827129084,"CulDSac","ClearCr","1Fam",5,5,1967,"Y","SBrkr",2126,2,1,3,1,7,185000
9.43059976811053,"Corner","CollgCr","1Fam",5,5,1996,"Y","SBrkr",1040,1,0,3,1,6,152000
9.18574025510795,"Inside","CollgCr","1Fam",5,7,1994,"Y","SBrkr",990,1,0,3,1,5,143000
9.64380967649394,"Inside","CollgCr","1Fam",6,5,1997,"Y","SBrkr",1764,2,1,3,1,7,231500
9.27491014262548,"CulDSac","CollgCr","1Fam",7,6,1996,"Y","SBrkr",1661,2,1,3,1,6,212000
9.59920173091757,"Inside","CollgCr","1Fam",7,5,1998,"Y","SBrkr",1463,2,0,3,1,5,207000
9.2927495082169,"Corner","CollgCr","1Fam",5,5,1994,"Y","SBrkr",1097,1,1,3,1,6,145000
8.99615656203344,"Inside","CollgCr","1Fam",5,5,1994,"Y","SBrkr",990,1,0,3,1,5,138000
9.24956108512946,"Corner","CollgCr","1Fam",7,5,1998,"Y","SBrkr",1779,2,1,3,1,6,197900
9.24329147211587,"Inside","CollgCr","1Fam",7,5,1999,"Y","SBrkr",1501,2,0,3,1,6,204000
9.10686696349991,"Inside","CollgCr","1Fam",7,5,1999,"Y","SBrkr",1431,2,0,3,1,6,192000
9.07680897935166,"Inside","CollgCr","1Fam",6,5,1998,"Y","SBrkr",1772,2,1,3,1,7,200000
9.09773142759353,"Inside","CollgCr","1Fam",7,5,2002,"Y","SBrkr",1660,2,1,3,1,7,195000
9.19095365817599,"Inside","CollgCr","1Fam",7,5,2002,"Y","SBrkr",1573,2,0,3,1,6,227000
9.42706335548747,"Inside","CollgCr","1Fam",7,5,2001,"Y","SBrkr",1840,2,1,3,1,6,230000
9.69799971771033,"Inside","CollgCr","1Fam",7,5,2001,"Y","SBrkr",1430,2,0,3,1,6,187100
9.28163725385822,"Inside","CollgCr","1Fam",7,5,2002,"Y","SBrkr",1444,2,0,3,1,6,203000
9.32062872587031,"Inside","CollgCr","1Fam",7,5,2001,"Y","SBrkr",1492,2,0,3,1,6,201000
9.0395520509959,"Inside","CollgCr","1Fam",5,5,1978,"Y","SBrkr",1040,2,0,3,1,5,124000
9.69701673550917,"CulDSac","CollgCr","1Fam",5,5,1978,"Y","SBrkr",907,1,0,3,1,5,140000
8.84649693855884,"Inside","CollgCr","1Fam",5,7,1979,"Y","SBrkr",914,1,0,2,1,5,134900
9.0825070004663,"Inside","CollgCr","1Fam",5,7,1977,"Y","SBrkr",1040,2,0,3,1,5,150500
8.85366542803745,"CulDSac","CollgCr","1Fam",5,8,1978,"Y","SBrkr",864,1,0,3,1,6,136500
9.13626316857987,"CulDSac","CollgCr","1Fam",5,7,1977,"Y","SBrkr",1268,1,1,3,1,5,143500
9.65007807402644,"CulDSac","CollgCr","1Fam",5,6,1972,"Y","SBrkr",864,1,0,3,1,5,133500
8.88183630500415,"Inside","CollgCr","1Fam",5,5,1972,"Y","SBrkr",894,1,0,2,1,6,123000
8.88183630500415,"Inside","CollgCr","1Fam",5,8,1972,"Y","SBrkr",768,1,0,2,1,5,133900
9.0413298292419,"Corner","CollgCr","1Fam",5,7,1972,"Y","SBrkr",768,1,0,2,1,5,133000
9.36426245424844,"Corner","CollgCr","1Fam",7,5,2002,"Y","SBrkr",1611,2,0,3,1,6,250000
9.42011495555144,"Inside","CollgCr","1Fam",8,5,2003,"Y","SBrkr",2184,2,1,4,1,8,254750
9.37906997525067,"Inside","CollgCr","1Fam",8,5,2001,"Y","SBrkr",1788,2,0,3,1,7,236500
9.38303237979429,"Inside","CollgCr","1Fam",8,5,2001,"Y","SBrkr",1872,2,1,3,1,7,261500
9.3101857069459,"Inside","CollgCr","1Fam",9,5,2000,"Y","SBrkr",2153,2,1,3,1,8,313000
9.07669468710627,"Inside","CollgCr","1Fam",7,5,2002,"Y","SBrkr",1725,2,1,3,1,6,198500
9.32812340763257,"Corner","CollgCr","1Fam",7,5,2001,"Y","SBrkr",1870,2,1,3,1,6,211000
9.66459564425378,"FR3","CollgCr","1Fam",8,5,1999,"Y","SBrkr",1513,2,0,2,1,5,220000
9.38286408629003,"Inside","CollgCr","1Fam",7,5,1996,"Y","SBrkr",1504,2,0,3,1,6,203000
9.45579321021023,"Inside","CollgCr","1Fam",8,5,2002,"Y","SBrkr",1828,2,0,3,1,7,279500
9.07680897935166,"Inside","CollgCr","1Fam",7,5,1997,"Y","SBrkr",1417,2,0,3,1,7,210000
9.14580185083861,"Inside","CollgCr","1Fam",7,5,1997,"Y","SBrkr",2034,2,1,3,1,8,219500
9.07680897935166,"Inside","CollgCr","1Fam",7,5,1996,"Y","SBrkr",1716,2,1,2,1,7,191000
9.11602969250494,"Inside","CollgCr","1Fam",7,5,2001,"Y","SBrkr",1212,2,0,3,1,6,178000
9.18502256399189,"Inside","CollgCr","1Fam",7,5,2000,"Y","SBrkr",1630,2,0,3,1,6,213000
8.39728289474368,"Inside","CollgCr","TwnhsE",6,5,2003,"Y","SBrkr",848,1,0,1,1,4,144000
8.39728289474368,"Inside","CollgCr","TwnhsE",6,5,2003,"Y","SBrkr",848,1,0,1,1,4,140000
9.23014299927236,"Inside","CollgCr","1Fam",8,5,2007,"Y","SBrkr",1602,2,0,3,1,7,293200
9.13916655252166,"Inside","CollgCr","1Fam",7,5,2004,"Y","SBrkr",1728,2,1,3,1,7,190000
9.04629085996968,"FR2","CollgCr","1Fam",7,5,2004,"Y","SBrkr",1500,2,0,3,1,6,190000
9.06334734823552,"FR2","CollgCr","1Fam",6,5,2005,"Y","SBrkr",1476,2,1,3,1,7,173500
9.31190368738562,"Corner","CollgCr","1Fam",6,5,2007,"Y","SBrkr",1396,2,1,3,1,6,170000
9.07988994259212,"Inside","Edwards","1Fam",4,5,1949,"Y","SBrkr",1126,2,0,2,1,5,108000
9.20402044323136,"Corner","Edwards","1Fam",5,7,1964,"Y","SBrkr",1486,1,0,3,1,7,167000
9.09121894106832,"Inside","Edwards","1Fam",4,6,1938,"Y","SBrkr",816,1,0,2,1,3,100000
8.89576660405609,"Corner","Edwards","1Fam",7,5,2003,"Y","SBrkr",1922,3,0,4,1,7,198500
8.98092720764838,"Corner","Edwards","1Fam",6,6,1977,"Y","SBrkr",1426,1,1,3,1,6,159500
9.27631536089972,"Inside","Edwards","1Fam",4,6,1960,"Y","SBrkr",1149,1,0,3,1,7,127000
8.88183630500415,"Inside","Edwards","1Fam",6,6,1976,"Y","SBrkr",1125,1,0,3,1,6,125000
9.49446612822519,"Inside","Edwards","1Fam",9,5,2007,"Y","SBrkr",1698,2,0,3,1,8,320000
8.20930841164694,"Inside","Edwards","TwnhsE",6,5,2005,"Y","SBrkr",1072,1,0,2,1,5,145500
9.14899674173513,"Inside","Edwards","1Fam",5,9,1947,"Y","SBrkr",698,1,0,2,1,4,118000
8.76561454991472,"Inside","Edwards","1Fam",4,5,1959,"Y","FuseA",876,1,0,3,1,5,85000
9.37305428246393,"Inside","Edwards","1Fam",5,5,1950,"Y","FuseA",1368,1,0,3,1,6,120000
9.03658204584272,"Inside","Edwards","1Fam",4,3,1945,"N","FuseF",1529,2,0,4,1,9,98000
8.30893825259578,"Corner","Edwards","1Fam",5,8,1922,"Y","SBrkr",864,1,0,2,1,4,99900
9.23073106162392,"Corner","Edwards","1Fam",3,3,1952,"N","FuseF",944,1,0,2,1,4,82000
9.29890054895566,"Inside","Edwards","Duplex",5,5,1959,"Y","SBrkr",1678,2,0,6,2,10,119900
9.37305428246393,"Inside","Edwards","1Fam",5,5,1956,"Y","SBrkr",1560,1,0,2,1,7,103500
9.09672364518921,"Corner","Edwards","1Fam",4,3,1956,"Y","FuseA",960,1,0,3,1,5,112000
9.42173517625584,"Corner","Edwards","1Fam",6,8,1920,"Y","SBrkr",1196,1,0,3,1,7,110000
9.01335177813882,"Inside","Edwards","1Fam",5,6,1941,"Y","SBrkr",1298,1,0,3,1,6,122000
9.30546871706776,"Inside","Edwards","1Fam",5,5,1941,"Y","SBrkr",1604,2,0,3,1,6,117000
8.74830491237962,"Corner","SWISU","1Fam",5,4,1938,"Y","SBrkr",1268,1,1,3,1,7,160000
8.41183267575841,"Inside","SWISU","1Fam",5,5,1932,"Y","SBrkr",1520,1,0,3,1,6,159434
9.03598698483141,"Inside","SWISU","1Fam",2,5,1920,"N","FuseF",438,1,0,1,1,3,60000
9.20029003612268,"Inside","SWISU","1Fam",6,7,1940,"Y","SBrkr",1489,2,0,3,1,7,139500
9.67174463240845,"Corner","SWISU","1Fam",7,3,1920,"Y","SBrkr",3082,2,1,5,1,12,197000
8.64944877053671,"Inside","SWISU","1Fam",6,6,1935,"Y","FuseF",1242,1,1,3,1,6,105000
8.962391701743,"Inside","SWISU","1Fam",4,3,1928,"Y","SBrkr",1981,2,0,4,1,7,135000
9.05648964715792,"Inside","Crawfor","1Fam",6,8,1916,"Y","SBrkr",1232,1,0,3,1,6,147500
8.72761617832107,"Inside","SWISU","1Fam",6,6,1925,"Y","SBrkr",1608,2,1,3,1,7,137450
8.88183630500415,"Inside","SWISU","1Fam",7,9,1936,"Y","SBrkr",1135,1,0,3,1,6,155000
8.93036188390943,"Inside","Crawfor","1Fam",6,6,1928,"Y","SBrkr",1913,1,1,3,1,9,177000
8.74703426417817,"Inside","SWISU","1Fam",7,7,1928,"Y","SBrkr",1477,2,0,3,1,6,145000
8.87556669199055,"Inside","Crawfor","1Fam",7,8,1918,"Y","SBrkr",1228,1,0,3,1,6,137000
9.2981680823417,"Inside","Crawfor","1Fam",7,9,1926,"Y","SBrkr",2080,1,1,3,1,9,234000
9.52369019117654,"Inside","Crawfor","1Fam",5,6,1940,"Y","SBrkr",1567,1,1,2,1,6,205000
8.9226582995244,"Inside","Crawfor","1Fam",6,7,1942,"Y","SBrkr",1494,1,0,3,1,7,177500
9.16951837745593,"Inside","Crawfor","1Fam",5,7,1940,"Y","SBrkr",1308,1,1,2,1,7,160000
9.59424130216851,"Inside","Crawfor","1Fam",5,4,1960,"Y","SBrkr",1273,1,0,2,1,5,155000
9.50002044709064,"Inside","Crawfor","1Fam",5,7,1921,"Y","SBrkr",964,1,0,2,1,5,163500
8.94650502599868,"FR2","Crawfor","1Fam",5,6,1921,"Y","SBrkr",1343,1,1,3,1,7,154900
9.00515952103614,"Corner","Crawfor","Duplex",7,6,1940,"Y","SBrkr",2480,2,1,5,2,13,205000
9.11602969250494,"Inside","Crawfor","1Fam",5,6,1954,"Y","SBrkr",1112,1,0,2,1,6,144800
9.39266192877014,"Inside","Crawfor","1Fam",7,7,1941,"Y","SBrkr",1564,1,1,3,1,7,174500
9.49844735414104,"Inside","Crawfor","1Fam",6,6,1960,"Y","SBrkr",1561,2,0,3,1,6,193000
9.65502619323763,"Inside","Crawfor","1Fam",5,7,1949,"N","SBrkr",1523,2,0,3,1,7,158000
9.5468126085974,"Inside","Crawfor","1Fam",6,8,1950,"Y","SBrkr",1152,1,0,3,1,6,158500
9.76995615991161,"Corner","Crawfor","1Fam",6,5,1954,"Y","SBrkr",1906,1,1,3,1,6,224000
7.45760928971561,"Inside","Blueste","Twnhs",6,6,1980,"Y","SBrkr",1032,1,0,2,1,5,115000
7.30518821539304,"Inside","Blueste","TwnhsE",6,6,1980,"Y","SBrkr",1229,1,1,2,1,5,137000
7.38523092306657,"Inside","Blueste","Twnhs",6,6,1980,"Y","SBrkr",1229,1,1,2,1,5,121000
7.17011954344963,"Inside","Blueste","TwnhsE",6,6,1980,"Y","SBrkr",1229,1,1,2,1,5,124000
9.51833964519086,"Inside","Crawfor","1Fam",6,6,1986,"Y","SBrkr",1982,2,1,3,1,6,208000
9.77548371195176,"Inside","Crawfor","1Fam",7,9,1971,"Y","SBrkr",2365,2,0,3,1,7,315000
9.98483709823245,"Corner","Crawfor","1Fam",6,9,1988,"Y","SBrkr",1680,2,0,3,1,5,222000
9.27706400401909,"Inside","IDOTRR","1Fam",5,7,1920,"Y","FuseA",1344,1,0,3,1,6,147000
9.06647000155648,"Inside","IDOTRR","1Fam",5,6,1900,"N","SBrkr",2168,2,0,5,1,11,123000
8.76436572052981,"Corner","IDOTRR","1Fam",5,5,1920,"N","SBrkr",1192,1,0,3,1,6,78000
9.0442857876461,"Corner","IDOTRR","1Fam",3,2,1915,"N","SBrkr",1526,1,0,2,1,6,85000
9.23014299927236,"Inside","IDOTRR","1Fam",4,6,1925,"N","FuseP",572,1,0,2,1,4,75000
8.25400859056484,"Inside","Crawfor","TwnhsE",8,5,2007,"Y","SBrkr",1648,2,0,2,1,5,230000
9.98874739648695,"Inside","IDOTRR","1Fam",2,4,1910,"N","FuseA",810,1,0,1,1,4,57625
9.22276289197474,"Inside","Mitchel","1Fam",8,5,2000,"Y","SBrkr",2052,2,1,3,1,7,251000
9.4589177245472,"CulDSac","Mitchel","1Fam",7,5,2003,"Y","SBrkr",2149,1,1,1,1,6,239686
9.40244722950493,"CulDSac","Mitchel","1Fam",7,5,2004,"Y","SBrkr",1710,2,0,3,1,7,240000
9.40992866366886,"CulDSac","Mitchel","1Fam",6,5,2001,"Y","SBrkr",1961,2,1,3,1,7,215000
9.18502256399189,"Inside","Mitchel","1Fam",6,6,1977,"Y","SBrkr",926,1,0,2,1,5,156450
9.14420056947164,"Inside","Mitchel","1Fam",6,7,1977,"Y","SBrkr",1287,1,1,2,1,5,173000
9.22276289197474,"Inside","Mitchel","Duplex",5,5,1977,"Y","SBrkr",1734,2,0,4,2,8,126000
9.20502627715241,"CulDSac","Mitchel","1Fam",7,5,1990,"Y","SBrkr",1217,2,0,3,1,6,173000
9.31199402570268,"Inside","Mitchel","1Fam",5,5,1991,"Y","SBrkr",1595,2,0,2,1,5,152000
9.57324586566555,"CulDSac","Timber","1Fam",6,6,1958,"Y","FuseA",1344,1,0,3,1,7,137500
12.2795321932165,"Inside","Timber","1Fam",7,5,1965,"Y","SBrkr",2036,2,0,3,1,8,375000
9.46482753957032,"Inside","Timber","1Fam",9,5,2007,"Y","SBrkr",1620,2,0,2,1,6,315500
9.48486121415014,"Corner","Timber","1Fam",7,5,2009,"Y","SBrkr",1692,2,1,3,1,6,224500
9.5058417934801,"Corner","Timber","1Fam",9,5,2008,"Y","SBrkr",2036,2,0,3,1,9,410000
9.57934894307373,"Corner","Timber","1Fam",9,5,2008,"Y","SBrkr",1641,2,0,3,1,7,316500
9.09661160664784,"Inside","Timber","1Fam",8,5,2007,"Y","SBrkr",1466,2,0,3,1,7,201000
9.34635617589363,"Corner","Timber","1Fam",6,5,1988,"Y","SBrkr",1412,2,0,3,1,6,175000
9.19410935886576,"CulDSac","Timber","1Fam",6,8,1980,"Y","SBrkr",2237,2,1,3,1,7,204000
9.57630206030665,"Corner","Timber","1Fam",7,5,1987,"Y","SBrkr",1479,2,1,3,1,7,213500
8.83244179158582,"Inside","Timber","1Fam",8,5,2001,"Y","SBrkr",1296,2,0,2,1,6,220000
9.12227389310773,"Corner","Timber","1Fam",7,5,2003,"Y","SBrkr",2014,2,1,3,1,9,170000
9.58884529850156,"Inside","Timber","1Fam",9,5,2006,"Y","SBrkr",1838,2,0,2,1,8,315000
9.44406771683004,"Inside","Timber","1Fam",9,5,2007,"Y","SBrkr",1978,2,0,2,1,7,425000
9.43492288748465,"Inside","Mitchel","1Fam",5,7,1968,"Y","SBrkr",1008,1,0,3,1,6,139500
9.98736903651683,"Inside","Mitchel","1Fam",5,4,1960,"Y","SBrkr",1771,1,0,3,1,9,115000
8.41183267575841,"FR2","Mitchel","TwnhsE",6,5,1998,"Y","SBrkr",1204,2,0,2,1,5,162000
8.41183267575841,"FR2","Mitchel","TwnhsE",6,5,1999,"Y","SBrkr",1224,2,0,2,1,5,165000
7.37525577800975,"Inside","MeadowV","Twnhs",4,5,1973,"Y","SBrkr",988,1,0,2,1,5,91000
9.19603858726532,"Inside","Mitchel","1Fam",5,6,1968,"Y","SBrkr",874,1,0,3,1,5,130000
7.3304052118444,"Inside","MeadowV","Twnhs",4,8,1970,"Y","SBrkr",630,1,0,1,1,3,86000
9.50174052379638,"Inside","Mitchel","1Fam",5,5,1969,"Y","SBrkr",1404,2,0,3,1,7,160000
7.29776828253138,"Inside","MeadowV","TwnhsE",4,4,1970,"Y","SBrkr",630,1,0,1,1,3,80000
7.33498187887181,"Inside","MeadowV","Twnhs",4,6,1970,"Y","SBrkr",1344,1,1,3,1,6,97000
7.70391020961631,"Inside","MeadowV","TwnhsE",4,4,1970,"Y","SBrkr",1092,1,1,3,1,6,88000
8.94754601503218,"Inside","Mitchel","1Fam",5,8,1972,"Y","SBrkr",796,1,0,2,1,4,131900
8.9497545251861,"Inside","Mitchel","1Fam",6,5,1993,"Y","SBrkr",1091,1,0,2,1,5,131250
9.11613957657736,"Corner","Mitchel","1Fam",5,6,1978,"Y","SBrkr",1110,1,0,1,1,4,165500
9.08023168662916,"Corner","Mitchel","1Fam",5,5,1985,"Y","SBrkr",833,1,0,3,1,5,112000
8.94494150776486,"Inside","Mitchel","1Fam",5,6,1992,"Y","SBrkr",883,1,0,2,1,5,149000
9.55499334068759,"Inside","Mitchel","1Fam",5,5,1993,"Y","SBrkr",1362,1,1,1,1,5,143000
9.25234566612121,"Inside","Mitchel","1Fam",5,5,1992,"Y","SBrkr",1287,1,1,3,1,6,130000
9.19207456316929,"Inside","Mitchel","1Fam",6,5,1977,"Y","SBrkr",1567,2,0,2,1,5,196000
9.25502688959859,"Inside","Mitchel","1Fam",5,7,1969,"Y","SBrkr",1632,1,1,4,1,7,173000
